,topic_id,media_name,title,url,public_time
0,0,Yahoo奇摩新聞,獨／傅崐萁下指令 總預算文宣費砍光、凍結潛艦預算18億,https://news.google.com/read/CBMi4gJBVV95cUxQbjFGUE10T3pzaEN0eWdNV3NIY0UxcGd6VkI2SUZESlNUUXhhUE5oaTdEU1pZRmdIbFhXa05rVHQ2X0JMd2NKS0twT1phei16MVJpSzN3bmU3Y1pvc0dMa0xfS3JBS3ZSWVM4V3hBYndjakhJdHNWNFUxRm5qbi15UlVmN0RSOUZBMW5YRXhnekkzS05mc3pKWXhJX3VoSWRJOE5QV1VGQlZjNlQ4b19qaV82bkxMUFIzejBIUkJWeUVPa0ZzcVlwRkdVSVBuRUlhRlJCVUZWQW5QblBTd243Mk9NU0dJZDRGNDJSWVlBNHlXWlNPN1VoeWNtYzVRUXFyaHhyTVBRbEZ4QnJSUlJfT0xQRWNxZDdCQWpBdzdRR3BXX29vVGtLNHdrYlNWcndJWWNnVUlzWm4zS0FqTGtWUHJ1bGlncU11WmNMZ29ZZG1GTU5NbWlweUJmNzQ3S3dLNVE?hl=zh-TW&gl=TW&ceid=TW%3Azh-Hant,2025-01-14T05:07:58Z
1,0,聯合新聞網,國民黨擬大砍業務費剩1元 數發部警告影響資安：衝擊公眾利益,https://news.google.com/read/CBMiUEFVX3lxTE1HOFI4alNydldjRDdzLTBTdmRmWm5qTTNwZXdhOFRYLXJNUkVKOFFQdUY3d1h4YUhoZXNKYUktVllCbXZqajdrWnlfSnVENG1o0gFWQVVfeXFMTk5lOVFoT1M3Z3BvZVdnVER1OTY4R2NWWld0bjZ6b1pyZjNKckMyVXJYM2xJZlFoS3BQb1hvMUlZQ29kMkV4ZkkzLWJmam5wZ25UZ0VSU0E?hl=zh-TW&gl=TW&ceid=TW%3Azh-Hant,2025-01-14T12:44:22Z
2,0,Yahoo奇摩新聞,總預算3.1兆史上最高！黃國昌狠批「水到不行」：大砍2000億、凍結974億,https://news.google.com/read/CBMi0AJBVV95cUxNYkpCT2VZVExEdjUxUWpGeGVsSDM1eklqYk1KUmtrTUdWQXBlMnJIQ1M3MFlpSUtISHAtc19rYVZnTjBKSW1pa3daRkRfdUk0WlAyZE1RMGxFY0xES0xOSzhFVXlGS0R1dTZGZHA5YnFQQjdrMDFtNmMyZTBrdHdTMnBha0czMjJmT0xvYi1XWUFqUzhfQzlxOGNHSU9pSm52bTRXd1U5UEFhYkhraERHZ0Q1d2ZPRERCak8xTDBUOU9RdUdlb1dydlk5LXhlRXlPUlRjVnBaWVJWZ0N1a214S0JrWWs3WFg3OTRzY215UEdINnVoR0RuaWtTVGkxbTZRdjZoRHFTekZlMmtxWG93YVFlMU1yS2dpMDA1MkhkazEzdWxZSkRmbDB0ZVlTc01Ya3NqMngtUDFQZGZMcGNTNjJuT2tpN25YTXBIdk83Ulk?hl=zh-TW&gl=TW&ceid=TW%3Azh-Hant,2025-01-14T08:04:39Z
3,0,中央社即時新聞,通刪軍事設備預算3%惹議民眾黨團：近年朝野同意| 政治,https://news.google.com/read/CBMiX0FVX3lxTFBsdl92OXNuUU1KR1NNNFFFeS1OUnlZdXdyRGVxVVk0MXYxY0ktVnlCbHJ5Y1NMQjRxRDYxVWxJcVQwUkJ0U09QYndTbmswRDQ1X3VwcEtmZXNPazVENEFJ?hl=zh-TW&gl=TW&ceid=TW%3Azh-Hant,2025-01-14T09:25:00Z
4,1,聯合新聞網,12強賽／對500元「長大」有其他想法 林立：變1000元不是更好,https://news.google.com/read/CBMiUEFVX3lxTFBMVnNJaDNYQVBfUzlTV01pRndoQzJZS0RndTFEM0ZUZjlVeTVnS1BtVDJmdHEtQnVubjlSUzZMTzhJcTF3eFoyeVRudTItTU5X?hl=zh-TW&gl=TW&ceid=TW%3Azh-Hant,2025-01-14T08:03:47Z
5,1,Yahoo奇摩運動,12強賽》500元鈔票上少棒隊要被換掉？ 林立坦言：很可惜,https://news.google.com/read/CBMi1wJBVV95cUxPMjR2VEthcVJaeU5PMi1RajlmTXVaYkxwVm90cW5LNnZnTnQ5UEdPS2lNMkVIVXVtM1dCOGI4amdweUl6cjZlVmJHQndCTFk0a1dOekJKeGpZTXJ2eVFWNGt4UkhGaUV0R1dSQjM5ZkxuWHJ4WGdRVFpaQzF6VDJTZDNqekVwcFl1SlVaWFVXMjd5N1pDZkxvZUl0b3UyUVIzenhmSGQ1YmxKZEh2RHNkSmpyWjU3WDRvdmpaTzlMcTF0ZlB1T3dVRjZJSlZKeW1pWnBZMXJJbHd5SHJMa3JWQnRhcFJLNzByOEFkeGhnV2Z4QWEtbnZ4NWdIZUlMbThoYVpIVW5ueHg2RGVkN0NpZ1RMd0JsYzV2bzZSSzlPaFd3bDFhZDdWYS1kVHY0eUl1dVJkOEsyeVRhRXM1LUFEejdjek5EMERiZkhfQlBuRzZPV2gxT1F3?hl=zh-TW&gl=TW&ceid=TW%3Azh-Hant,2025-01-14T08:20:02Z
6,1,自由時報,12強》冠軍成員有望躍500元鈔票 林立卻有不同想法,https://news.google.com/read/CBMiYEFVX3lxTE5MQmRPYlZZLUUzT3VVVDhDdFJqdmZ2VHFTSHozaUZQVG9qV2Z5WTRybkJoWXBFbUxEUDFYYkpWQTBadXRldlNaWWtzN3h6SzR1WkZLcjNnOWVKN2xDUTcwYtIBZkFVX3lxTFA1dnJHRUVEZkFVcXY1ZGs2OFQ1S0MxVzNNQks3OWkzZDU4THBBRm9QbkFLZlhTX3Q3X3J6Q2RiSncxcnkzbzdvT1pGekhwMjdDaDIxOGlTWXdpcnhSMDJMVDlmV1dHZw?hl=zh-TW&gl=TW&ceid=TW%3Azh-Hant,2025-01-14T08:23:00Z
7,1,中央社即時新聞,12強棒球奪冠效應 悠遊卡預售破26萬張,https://news.google.com/read/CBMiU0FVX3lxTE5VaWlJb1dqOVhDMzh3Z2ctSzJzUzIxVnlJU2NTVV9yMHdkR0l5XzUxcXgydVA3anRNZk5GajBRVlFpUUhPTTdLYW9ZblE5QmRxU1dv?hl=zh-TW&gl=TW&ceid=TW%3Azh-Hant,2025-01-14T10:10:02Z
8,2,鏡週刊,【封面故事】廖氏父子行賄證詞兜不攏 鄭文燦涉貪案監聽譯文解密,https://news.google.com/read/CBMiW0FVX3lxTE5UbDFOTm9DTWN1VFpZd2pXX2RpamtocnF6WjJGeGVEQmVZSjRtcDJ6N0ZTMi1VYmR1UDV4ZzRXX29wM1FlUFQxbnlHZUw1TTVFTVEtYWxZLU5aMUnSAWBBVV95cUxPV2c2Tm5Bay1wT251NXUwOFQ1MzBJRVduTUprMXlKeEJVdzZhRUk3WjMtb2RHVDZhcWMyc1dFZERTNDItRU9yMDZZYUljV3hRbFR1MGxxN2FWU1Z4bmx6NjY?hl=zh-TW&gl=TW&ceid=TW%3Azh-Hant,2025-01-14T10:55:03Z
9,2,Yahoo奇摩新聞,鄭文燦涉貪案監聽譯文曝！ 廖力廷夫婦「行賄過程」曝光,https://news.google.com/read/CBMi3wJBVV95cUxQZ1gxZ3ktUzA1NnRreWZNS0VWOEduZ1RTcVN4SEJGSGJkZTUwd2ticTVtTlhfdkEyOWJvTE9CLXdpWkc0TE9ZZFU0c0Ewd1k0VzVUNktRZkt1QkpyczFLa1ZoWEhGQzlSYzVJblZsME45ZW9HTUVuXzlKLWlLTi1tM01Mc241R0VZa3VzLXA2dldDMF9JM1FpWFBTS244eHJnX181NXFCV294b3QycE5BZXVpOGdOdVllT2RPRGJJZDdhTGtRMi0zTGdNeGFCRDY5ZWZyckRWOHNYSF92WDkxQy1hWFhDZm50Tmc1eGgxV1huNlFSX1BvMkE2QmU2dm9CNWJUckZfNzB1dXZmWXhEZkxZQ01jRENMRXVKTW9UbHpldWZoSE1HWF9sazlWRU9kUWZPYlFrbUFPNU1jSjdaWFhoY2x4b3drX2pZUnpSbVIzdmlWR3RNOUpadERLVEk?hl=zh-TW&gl=TW&ceid=TW%3Azh-Hant,2025-01-14T04:47:48Z
10,2,聯合新聞網,鄭文燦涉貪案今開庭 律師團力爭監聽內容無證據能力,https://news.google.com/read/CBMiUEFVX3lxTFBWbjhVSVltYkY4ZzRxRXVGT1VtWW5wZGh0anRYTFM5WUdJSjBacV9ycTdZeE1ycHF2N2ZtNldpYUdZbDhVSk0tWTRjZlA5bVNq0gFWQVVfeXFMT1lYSlJPWnlXWXFiSzdhV3VvTlJnaUcwTTlzUzJCZXVDSHpSQXZQRFZ6eERWTXRtN0RoM1E2RDRSdXlDU3RYQVBtNHJUenc2X1VFcWprZWc?hl=zh-TW&gl=TW&ceid=TW%3Azh-Hant,2025-01-14T04:57:04Z
11,2,TVBS,力證清白！鄭文燦涉貪第三次桃院開庭 仍不發一語,https://news.google.com/read/CBMiT0FVX3lxTE9ySVVHTTNzSEtJVU9vZVprQ2lPYURrMXBzTzg2ZW5JUGh0bV9YcnV4U0RzeHgweHVmeW0xN081ZV9Pb3VQWEx4emFWcENPalE?hl=zh-TW&gl=TW&ceid=TW%3Azh-Hant,2025-01-14T06:46:00Z
12,3,ETtoday新聞雲,爆近賴人士稱柯文哲坐牢「賴清德開心死」 徐巧芯：2028沒對手,https://news.google.com/read/CBMiXkFVX3lxTE04MVk4VTFWZkF6UU91UkJPUTF3YldpRFdhcmg4YXFDZmV4NTItM1MzVV9RcHYwZWp0aTBxLWRkb3VQYVUyNTNrWXJuVFdEem8zMmFWRm9nU01xekt1REHSAWhBVV95cUxONkw4T2hRbG12SXQ5V0FNNWQ0ZzNkeGh2X3pMNjRLbmxXMnMxVFBlOTgzWks4Tk10aHI5WlZwc0dyc3JOZTRKQzVVRF9MVjM1blZMNE5zRnIwbEkwODltYTNJZm5LbHFOYw?hl=zh-TW&gl=TW&ceid=TW%3Azh-Hant,2025-01-14T04:33:00Z
13,3,聯合新聞網,柯文哲遭羈押 徐巧芯透露親密人士揭算盤：賴清德開心死了,https://news.google.com/read/CBMiU0FVX3lxTE5pNkhPS3BBSkVLWmtVaGZFWmRTVU9tMndzbWtIRUJxMXE3UVhvakR6RHRDUFY1SHJaS2wxak1kVmVOYTZSV0VtWFhKQ1IzUTdmZWFV?hl=zh-TW&gl=TW&ceid=TW%3Azh-Hant,2025-01-14T07:12:51Z
14,3,Yahoo奇摩新聞,柯文哲遭押「賴清德開心死了」？ 林楚茵：一開口就是謊言,https://news.google.com/read/CBMi0wJBVV95cUxOcFJLM1dmc1NtSVBraUc5b2Z5VV9OUGpiYjFRZmxNN0RNMXdNVDN2Y0c5NGpBOURYTTc2UUY2dVFkeDF5M1JmSThTRHRIaTlqWkdHQ2dEWUFyb2RQWWMyLWh2Y3Byay1Sd2ZYUy1YR1VmYVdHTEo3SzdlNVdPOEZPUHZFWDNKaURyWGVLOWFUWUJnZ0RyTVVtYWpUNURfRFVmakdzX3Nha2JQaVMzVzJnMmwxR2Ywb0R5N0ZKZ2hLMkRoNG5ocGk3Rlk5Y3ZHdkZ2WWRKcl9qXzBTMkRSSDFyWUkwWjlKWUoxcmtpYXRDdnFSRW9Gd1FpdjF2a1V2ODZZYnBJVnpmNWduUmxpM1dvY283YkNvVkxuX3pWaW93dktaSC1nTUljWm9yclhyU0VyVHhMZ1prTjZTVjVNOVJtaWU0aE9KbTFNSlZqejVxdzYzRk0?hl=zh-TW&gl=TW&ceid=TW%3Azh-Hant,2025-01-14T09:37:03Z
15,3,TVBS,徐巧芯爆「熟賴人士」說柯坐牢賴很開心 黃揚明：謝龍介嗎？,https://news.google.com/read/CBMiU0FVX3lxTE42Q3YwZmpBY1l6eV9naHlJeWdjdnRYeUVnQ0pUcndncXVhc0J2N0VvUzhLUm9hSXFBRHo0MnpBZlVFSVZsb2hXSGJla2xSWWplelRn?hl=zh-TW&gl=TW&ceid=TW%3Azh-Hant,2025-01-14T10:31:00Z
16,4,今周刊-在今天看見明天,黃仁勳來了！輝達台灣總部確定在這？國發會劉鏡清證實2500人進駐...謝國樑不放棄喊「時候到了」,https://news.google.com/read/CBMigAFBVV95cUxNSjVCU1FnZV9SUERyZmNhMUI1enlSN3U5VHFKWUUzZ3JTM0ZEZ3YweG9QQjFEbmkwUEZfbEhCR05QVGlzNFZZcVpNZGxxY2pnb0RmTnlwN3hRSU43ZHg1em1Ua1daWF93WTRHc2h6ZUtycXlWOFVVekFvU1RJVXhGUg?hl=zh-TW&gl=TW&ceid=TW%3Azh-Hant,2025-01-14T07:00:00Z
17,4,Yahoo奇摩新聞,黃仁勳來了！今從桃機入境「沒搭專機」 必訪通化夜市水果攤,https://news.google.com/read/CBMi9wJBVV95cUxPdlF0WElDb2NFMWlucGdoU20xSFU1Y2x4WldfeUQxVEpHTzUwWmlfZUVEZF9Ya1l2SW1WckNpNzNBZUg4UHNqb2Y5LW5tMF9zV3ZTU0UtVkJuc0dCNXlYUWxjXzgwLUo0M2hDOHJBcGI5dlhQU3lTT01NVVc5YmpJeTBWbE5UNHJZUkFZb21uZkU3N0p0bUxNdXBjYzgzLWcwcjNGR3hNb3JkUkhTNkkwQ3dXQWtvNE5WYU5COFhIVEdrTU5kOTdNdG1VMERSUlRidmtrT0pDSWNyMmJzcExGX2Y0R3lhTzRRcFBoVHlROWFOR3ZkZnlYMW5pdFpaQkJrd0NRRDNQbjVYWS1CWjJ5OHZ1VzBxbGZMcjNWZGRwRXNKUk80VG80Y3kwWnBBMHVjSUNPa1BScm50bjdlNF9qWjRmRnNzUFpZcm00SlpFbVBNRV85SkhqZjNlWEVOa2t2anRoUFA0dVY5QWNQbmFWWVFzeGpBbGM?hl=zh-TW&gl=TW&ceid=TW%3Azh-Hant,2025-01-14T05:54:39Z
18,4,聯合新聞網,傳輝達黃仁勳抵台！ 搭這家民航入境桃園,https://news.google.com/read/CBMiUEFVX3lxTE44R09WcFFIQm95WlJSR1F4eUFxaHhDLVQ4MVVia01HWC1iR0ZzWnBaZmFMSllqTW8yQlhVTUlmWVJZTEotUzI1UjR2SFRmSmJs0gFWQVVfeXFMTVJLZ0dLTXZWVktLQVlJeFB2WTVhR0FPeVpzT2FhaEhCV1lVZEJtU0s0OW9fNFBNVmZ1NC1ucFl6dHR2ZVlKb1hwYnRDM3lqcjJnR0hZeGc?hl=zh-TW&gl=TW&ceid=TW%3Azh-Hant,2025-01-14T05:26:44Z
19,4,TVBS,何時碰面黃仁勳？ 仁寶董座陳瑞聰回應了：絕不缺席GTC,https://news.google.com/read/CBMiTkFVX3lxTE5CcFphMkk1V0xFdk1NMHdmM1pMem5XYWZwdFE5cjRRVFVSSHhzSzIycHhpaUlmR191NnhZYTlTaWNSUkFMYlNPLWMzZFFVZw?hl=zh-TW&gl=TW&ceid=TW%3Azh-Hant,2025-01-14T08:19:00Z
20,5,TVBS,黨魁之爭開跑！黃國昌未等蔡壁如溝通 宣布「參選黨主席」,https://news.google.com/read/CBMiU0FVX3lxTE82RkpZSlBiU2FWTXY4Ulk3VjdWb3FRc3VKSjhCUHdETC1qaWphUzBBNWRpRTN6OGlIY1doLUxhZmt6TkhwYnJ1YWhuYkQ3WGZucVpR?hl=zh-TW&gl=TW&ceid=TW%3Azh-Hant,2025-01-14T02:20:00Z
21,5,Yahoo奇摩新聞,黃國昌當黨主席就不回黨中央？蔡壁如曝規劃,https://news.google.com/read/CBMiuAJBVV95cUxOb2lKb0lHSlRXVVRBLTVFa3RMWTQxU0hMSWE5QUJZR2txdUdtSWhVSnUzVkEzcXI2bkJZSDVCTXFxZWNwdzlBdXljRmNoMXhiUGNYbUNLVjB4RndFOWRhNF92by1EcUkxQjFHaGhnNzZBYVAwVmk3Qm83OU1qV3otQ0ZCQ2FYeDd4SlNZZUw1RVdQQ3kyX2RHNXk0dUNVbVhzdkVWWWFVSTVFM3ZJcFlfaFVVSkUyM19Qdm5CNjFjTHhWZW9zQUVZajZUczJrRzYxVkU1T1BBQjRzZTZfOWJhN3VTaDZyQXpvOEMyUzRIRHd6WTVKYzBMTzc3b2dxbkNwbzc0elpHU0swelJNeW1SbzdSdk1NSFNDUFk0ek9lZS1QazdnYzVkUGJrT2o0M0VBWWt6ZmM2dE8?hl=zh-TW&gl=TW&ceid=TW%3Azh-Hant,2025-01-14T10:22:26Z
22,5,Rti 中央廣播電臺,角逐民眾黨揆黃國昌拜會北市議會談及地方選舉布局- 新聞,https://news.google.com/read/CBMiVkFVX3lxTE55N0ZHbmZfUGRuSzFiZEV1MmJ3M2ZUaVI0dmppVjgybzEyUnhvalQ0ZVRoWjBXbW02WkhoZWl5cExSOERfTFNKWDhTSEtEVi1FTHFGbXdn?hl=zh-TW&gl=TW&ceid=TW%3Azh-Hant,2025-01-14T08:47:36Z
23,5,房產,黃國昌參選黨主席！稱「接起柯文哲火種」 周玉蔻大酸：貪污的火種？,https://news.google.com/read/CBMiTkFVX3lxTE9sVW9hcE1DT0R1QjVyNG9GQjZQUW1OaFQwLXpPeTBKcFAzNmZQbUYtczVHaTdFYWtzanRQQ3hHZ3Z6VjlnZFdDZGt4el9KZw?hl=zh-TW&gl=TW&ceid=TW%3Azh-Hant,2025-01-14T07:15:37Z
24,6,Yahoo奇摩新聞,饗饗疑食物中毒案77人用餐後不適 9例檢體驗出諾羅病毒,https://news.google.com/read/CBMi7AJBVV95cUxOcnM0ZjFsYTFCNmdQYmpXVG5VZ2pqY01iS2Z1Mk5iYlpyODFQNlU5ZTdDMkNuM0hWYWRIam9EWFRxQmpRSDFjcThsblpUNzlVN1lZcXBIZUVoTmFhUnd3MVJoOHVUSm5hc0FPc29iZ3BmV2ZmcmVwUVM4VXJONV96cU1ndmp3ZUV3bGpaR1pEQzlNODlmRXg0TUNCR1pFZ3VabXBfWjgwNTQya0RoVHFuREtvRmdrQlRxU3NINXRMdFZKcmtFcWwyNUJNNnR2RExyT2N3NWMtMDdrNVBlZFNSTF9MQmk2eVdZNjNtYlNsN08ydl9nR0dKclBUdWFhNXpXTDRHbVY4QnE0RDFCRHlhR09MdXVyeHc5WmNTdUtnamtLdWJsM2RWeFB3T01wSTZhaG5yQThkQUl2Wk9SdTUwbU9mN04yR01UckhFNW9ld3U3eHoxVG5WTlBDWGozT0lQS2tMYUhyNnhqdVo4?hl=zh-TW&gl=TW&ceid=TW%3Azh-Hant,2025-01-14T07:05:31Z
25,6,LINE TODAY Taiwan,蔣萬安要求局處規劃長期食安策略 擬推「安心餐廳」標章鼓勵業者 | 鏡週刊 | LINE TODAY,https://news.google.com/read/CBMiVkFVX3lxTFBJbDQ4S09NN21ZSDRRUi1oM0pKNHFXY3l0QlQxMWtKcy15NWlIUkVuNXhNTDQxYXRBWVhncW5YQnpycU51Y3g1cUx6anZOY2VYQWd6U0VR0gFbQVVfeXFMT2x2X3RrUmxkRUh4Vk1LS015WFBnX0FJYldaeEhsNzhPRXU2a1VrMUUwMXUzRmNTM05tNUk3ellVMFBaWVkxdHJEQUtzbUVZRlJYV01wT19rTUN5UQ?hl=zh-TW&gl=TW&ceid=TW%3Azh-Hant,2025-01-14T10:22:05Z
26,6,工商時報,饗饗疑似食品中毒案業者提3點聲明消保官回應了- 生活,https://news.google.com/read/CBMiX0FVX3lxTE5wMmdIZzhyb0dzemxwLUtoTG50TVU0em0yb3BmRGJHYTBYTDJVZFdKa0Jtb2FhaFl2Y1k5VnViNGd4Sy1NYmp6S3hDVE9yU2p4dlJXelFpR0dIWXBsbTBr?hl=zh-TW&gl=TW&ceid=TW%3Azh-Hant,2025-01-13T11:59:00Z
27,6,公視新聞,饗饗食物中毒案採檢73人 目前9人驗著諾羅 ｜ 公視新聞網 PNN,https://news.google.com/read/CBMiT0FVX3lxTE5vTUxhNUdZSHdJcTZjeVRzWVkydWRGV0ZUd3I0NVNyUU1ISUtwbzRnRV9zbVdSUUdoSWJaSmFaTDQtZmtXa19ScTc4aXlUUkHSAVRBVV95cUxObDJWUHhPN1IzMkxVRnY3eFM1anpsbU1tX0N5MjNUUDVtMk1CUlA3Zk9mR1Y2X0Y3N1loTXNyeEk0SnJUd0NxeGtTbXU0a3JxMHVaQUY?hl=zh-TW&gl=TW&ceid=TW%3Azh-Hant,2025-01-14T11:41:02Z
28,7,Yahoo奇摩新聞,好好把握豔陽天！ 鄭明典PO一圖「密雲慢慢接近」雨區曝,https://news.google.com/read/CBMiywJBVV95cUxOMFFIS1hncXQ5NjlXdXR2X0c4MkNYcVJjQUZmV3JCbFpSb29YbDlqUURNTTJRbUtvWEd1YmRLRGRLUUNuWDRsZ3ZlZjdhTzhFRlJWVEZJRXFLUlgtVlRvakRXSW1oLW1hdG1rMktZU0YyLTdGZEE0Y2NPWnBJUWxEQXdaa0hyRlJIWjZMbWhVUzQ4UDFiR2swRnhIVk1TeFNnLXhPTmNNU0EyOHRpSE9GdWVJaXlVbEM5MDduZE1Lajlrb05yWXRZSEVLQW50c0Jnd1ZCMHhISnZEb3owVldEOUZyYWduRllHSmlsUmk4d3NUS3h3ZEVZdjB1cTZCdDlTbGotelRsM2hLRkg0czVXaFo2dlVaYklkVGh2NHN2Ri1YSnd4WkhsRlNnVnl4MzZDSG5jeEtKUnBZd1gzc2w2d0VrM0Ntdks3dmxB?hl=zh-TW&gl=TW&ceid=TW%3Azh-Hant,2025-01-14T03:18:23Z
29,7,聯合新聞網,明天轉溼冷！低溫下探7度「最冷時間曝」連3天有望追雪,https://news.google.com/read/CBMiUEFVX3lxTE9scUxSTUpxS0N1LUJ2WVN5WU92Y213OFRnQkpSdV9jakgyX1haRm9BV2EyeVl6Y2xtRVlzY2tOY0VQVWdqdEE1ZFQ1Y0tjMW9p0gFWQVVfeXFMTVJUZEk4YXpXMHBZOXVONVlQZDRmalhabmlhZm1OTl9qRUpBSnN4akRia2x6M3BQZmEydFVIZGZ3Y1VqX09EdExsWDN1M0hSRXZ1LVllWmc?hl=zh-TW&gl=TW&ceid=TW%3Azh-Hant,2025-01-14T11:13:34Z
30,7,Yahoo奇摩新聞,10度↓低溫恐持續！明「冷氣團＋雨彈」雙襲 估這天才回暖,https://news.google.com/read/CBMi6wFBVV95cUxOUHpNV3J2T0N2QjdzbE5aY3llMWllWVdrc2otQ1dXeWlEQWt5MzJPU21BYWRUUHFXOUlncVVMOGwwbzg3M1ctVTBNQ3BJcGxNajF5ak41WVZVUVE0YmNucU1EQ09fYTBNR2ZOcUJjNGlrYmdxeFpuZVVNTEVSSXp6aU1CRWtYa0VWX01SMzY2Q0hhVjR5TkJScDNlbHprU1VaeE14N0NVbnByMThVeV9ONkhGZFM5Z2lnSGpuVGZFOHRCemdRMGZBTWRpdng0THZINTNFSnh4RzFldS1Bd1ZlMUtGNEhRNHRWTlR3?hl=zh-TW&gl=TW&ceid=TW%3Azh-Hant,2025-01-14T10:43:00Z
31,7,LINE TODAY Taiwan,冷氣團來襲「先濕後乾」！ 週四清晨低溫10度以下 | 自由電子報 | LINE TODAY,https://news.google.com/read/CBMiVkFVX3lxTE0tcGdwYXJFV3VkMWdfOFJJWHp1bnpvY0RzOUNwV3ZhSXhLbU5vbklrVXBQSmxKaE9mTXJrcXFfTGswRTAtR3A5dVpKNVNPYUZUbXZ0OE9R0gFbQVVfeXFMUEJoY2lFV01wbHJ2b25TSHFCSUNCRk94SVVyX2xmS1dxMHlFb2VaRUtuX0pabkZHaFhHYzNpQW9tWWNFUks1TVBOVDd4SnhVaEoyTFJlU1RlZ1JuTQ?hl=zh-TW&gl=TW&ceid=TW%3Azh-Hant,2025-01-14T11:24:49Z
32,8,中央社即時新聞,火舞表演者謝岳鵬遭騙至緬甸脫困返台分享經驗助反詐騙| 社會,https://news.google.com/read/CBMiX0FVX3lxTE5ZQ0NxMG5qcV9xN2tTR19wc2pTcUdQNERha1NyRW5LbGw1NElQcmwyUDVzWmg5QXB4VnIzVkFjbGlxWUR2YnJTRzVVT0pnWmROX0R4TERpWU55NTdyQWdJ?hl=zh-TW&gl=TW&ceid=TW%3Azh-Hant,2025-01-14T06:29:00Z
33,8,聯合新聞網,影／火舞表演者海外求職遭詐…返台露出手銬傷痕 父親第一反應輕捶他,https://news.google.com/read/CBMiUEFVX3lxTE1oSHFBUmtWc0lvcnJqWVh6cXlWQ0EzXzVJQ09qcHdFRlRXOXJVT1BMcjR5Y3p6TmZSOEctbUJ0N3BKMkVoeXhGb01IX3RKbENz0gFWQVVfeXFMTmhtNXR6WWV4eWlUNUpnRHNZN0JQdF9lOVJDam5Pd3JabTE4aHpzai1VbW9XdUdjQW1LTmxvdmU1NTFtV05pQV9LemttNXpRTzhacXJEQWc?hl=zh-TW&gl=TW&ceid=TW%3Azh-Hant,2025-01-14T12:49:31Z
34,8,中央社即時新聞,火舞表演者謝岳鵬遭騙至緬甸 脫困返台分享經驗助反詐騙,https://news.google.com/read/CBMiV0FVX3lxTE4xYnNMOFRQeV9EbXhSTHg0R1NwLXJfTXlFa0JNNWpyUEhmbmcxUXdmOXdTRHJ5TVhCZ2x2UUpLcDJsUnMwWDVNVFZXYnkycngxaTFmbGp1RQ?hl=zh-TW&gl=TW&ceid=TW%3Azh-Hant,2025-01-14T13:40:12Z
35,8,Rti 中央廣播電臺,台泰警救出遭騙兒 謝岳鵬父籲被詐勿私了求助官方- 新聞,https://news.google.com/read/CBMiVkFVX3lxTE5yOVhLZkpYSEFRdk83akJ5Wkp0WjRWbmxnMXpWdWw0Q0FkTk1pWlRUNE9mOG0zR3djWDlPWndWdXFCX0VNUzAyRUIxSFNNT1gweHNQaFlR?hl=zh-TW&gl=TW&ceid=TW%3Azh-Hant,2025-01-14T11:35:15Z
36,9,聯合新聞網,聯合報社論／史上最無料內閣，一心只想等大法官護送,https://news.google.com/read/CBMiUEFVX3lxTE9iR3BOM2JkNW1lNVFCWHdmNFdjS3JMNW5CSmI2cWVETXBvOVhzV0VPSzg5OHB6ZUc1dFBQRm1YSHdpWjNQX2xuYTA4SjZfOVk50gFWQVVfeXFMUEJvOWNhR0RuZU5RdHhKT3NDY2F5UG1sd2ZEN1RzaUZ5V1E5b2tlMFFrWXRnZXZBOG83VFg1RHpPTGkyb0Q4Zy1rLVI5VFdvczNDaDlmWUE?hl=zh-TW&gl=TW&ceid=TW%3Azh-Hant,2025-01-13T19:14:34Z
37,9,聯合報,憲訴法覆議案暫時處分或釋憲戰國民黨已成立因應機制| 焦點話題,https://news.google.com/read/CBMiV0FVX3lxTE5GU3ktR3FJYlQ1YWxBbnhBS0VXX2EwZ1dzRWN0V1V1Mk41WFU0SlEtUGIzVmJWSDY2Q1c5Q0g4eUhUbFgxU2xDLU9jOVpDMlhXN2ZkcFZBTQ?hl=zh-TW&gl=TW&ceid=TW%3Azh-Hant,2025-01-14T01:58:00Z
38,9,司法院,司法節學術研討會 探討國民法官案件準備程序與審理計畫實務,https://news.google.com/read/CBMia0FVX3lxTFB6OU41ZjhWbU5PTWJ5YXNwTnpNVkl5QzliYTNjaXJGdXNZUmt6ODd2T2Z5LVNERlZOWlVjU3NFWVI5c1dfU0VxSndGYnRvZmw0ejhqeHNLTXRiWDVVUlBQRWlhRWtwWGVUcDY4?hl=zh-TW&gl=TW&ceid=TW%3Azh-Hant,2025-01-10T08:00:00Z
39,9,公視新聞,立法院今送《憲訴法》覆議咨文 總統最晚須於23日公布 ｜ 公視新聞網 PNN,https://news.google.com/read/CBMiT0FVX3lxTE9WdnM2MkIzWnFDS3JnNFR3NVVfZW92LVFDdEtxMHlRUmhTYUNXSE0yVEsyYUk4cjVzQjY1QmRsa1VtNHA5T1Y3RlpHUmtyTm_SAVRBVV95cUxPbEdJV010N0ZjZExhbDJOSjhCMUpZX1NKekp0Q1BjZE5MNGJIR0EyWUhna0ZUUzY5ODVjdDFvamZhb3hDRDA0SFBLbjVDeUpYTkRUMUc?hl=zh-TW&gl=TW&ceid=TW%3Azh-Hant,2025-01-13T05:18:00Z
40,10,ETtoday新聞雲,兄妹遭夾慘死！國道「11車連撞」驚悚畫面曝 聯結車煞不住釀禍,https://news.google.com/read/CBMiXkFVX3lxTE1OanVaY3JWRklvVVV6Z0tXQ01ON0VUY3F0Q24wWnc2dXVuMHUzV2o5U1U1cXVaT1BJN2QzaU9aUXVOVG81cjFtZHd3U095azl4eTFLRTE3SjFfazc5MWfSAWhBVV95cUxQaFVZRHhPYmFCZDRXTUUxblZGdWVYZVVkZjRPZnFuVHIwWDhwMDZ3bDQ3NG41UFJhaTdXTlJUZE9lR1Rma0VmQWpQTmNtYURoWlhjQWVReUpmaE9pVnc5YVBFeG1pb3JhdA?hl=zh-TW&gl=TW&ceid=TW%3Azh-Hant,2025-01-14T07:39:00Z
41,10,聯合新聞網,國道追撞車禍2亡！台南兄妹赴高雄擺攤遇死劫 頭顱破裂、胸部凹陷,https://news.google.com/read/CBMiUEFVX3lxTE5qVEM4b09uSHhIWGs1cUM4Tmc5Y3EyY2dRbUxWOGh0d25Wd3MtZ3FxeHBmcWJXWDBzM2tjc01MYnR2RV8yYjNvSGtEeWR5UGtX0gFWQVVfeXFMTkNtU1I3dVFMUVJjSkRtaGVuYk15QndSWUE1bTU5bVZnb2Z6bVZBRXM5SkNxM1dWRVZnY3N4U05Wd1ZiV1dnOXAyaU13Rm5rNm91NnNBV3c?hl=zh-TW&gl=TW&ceid=TW%3Azh-Hant,2025-01-14T08:48:33Z
42,10,地球黃金線,國道1號驚悚雙車禍！化學槽車翻覆外洩又有11車連環撞,https://news.google.com/read/CBMiTEFVX3lxTE8wVXNtTHgxdjh4MEpsX05LTUtETWJvVEl2VnpZWXNBLXhMMkJCTzZTU20yUHd1X1VCN3dva3VnUE55dUlqWUVPU2xrVUI?hl=zh-TW&gl=TW&ceid=TW%3Azh-Hant,2025-01-14T04:37:31Z
43,10,LINE TODAY Taiwan,國1路竹段相隔400公尺2起車禍釀2死5傷警方「這理由」：無直接關聯| 中廣新聞網,https://news.google.com/read/CBMiVkFVX3lxTE1HUzBKUzhKRkIwQkppUkNjUmNBZjQxd1c4aFFUSUVTTHZ6SV9UemttcWhXV1VyUHNMUmczQVN2X0d6LURqUVpUY1phNzFOQ2JqUzlrdmVn?hl=zh-TW&gl=TW&ceid=TW%3Azh-Hant,2025-01-14T08:19:21Z
44,11,聯合新聞網,財產來源不明輕罪遭停職全國首例 林姿妙決定提行政救濟,https://news.google.com/read/CBMiUEFVX3lxTE5DWlpXcF9Xd2Q5bTM3QzMzZHpLdlp6ZVlUanZ2cm04X3B0d0RDZ1RjcWUzVy1UWWhZdEpfMktQSFJtX3pfc2VHS1NXYTRwaGZj0gFWQVVfeXFMT0M1NHVjZmU2N3BJRmxkNkJCWlQ1em5VT0JtU1V2N2tiOGNObEFmME1OTlVqX2FSMTJzT0xld1F5SGF4Umx0dzhpaFBvYTNBMWs2eGhBUlE?hl=zh-TW&gl=TW&ceid=TW%3Azh-Hant,2025-01-14T03:38:45Z
45,11,芋傳媒 TaroNews,財產來源不明輕罪遭停職 林姿妙決定提行政救濟,https://news.google.com/read/CBMiUEFVX3lxTFBBUm1lbU5FMWtLWVpmNEx3SjBJcVphVnZtSE5pNEpEZWszU3ZpdEtOcGZNR2JiWDFKMmZxNkgtZzEwd2VSVGFSMzU2RVJKazk1?hl=zh-TW&gl=TW&ceid=TW%3Azh-Hant,2025-01-14T10:52:57Z
46,11,風傳媒,幕後》總統正在等待他點頭！賴清德奪回宜蘭民主聖地意志堅強 親自掃除2026路障,https://news.google.com/read/CBMiTEFVX3lxTE1oSW0yTkVsTHpvMzNJVXA4MWtZNjJ1T0haUHJxMDBfWm9fa0hWc3FzWDQtTTRiU1NkUkFBU2M0UnN1Y2o0R1N3R0tFNjY?hl=zh-TW&gl=TW&ceid=TW%3Azh-Hant,2025-01-09T00:20:00Z
47,11,MSN,宜蘭代理縣長林茂盛主持縣務會議 要求各局處落實「行政效率」,https://news.google.com/read/CBMinANBVV95cUxPcUNaQ01ma3VrTDN0TDZnc3JhMHlVaUNFb1YwQnVPa0hqQUlJUl9GSlFEVzhFcEg1NkVFOHNpMGI1dG1sQ3RLcldtc2hldnU4WVFtcTdCS1llYVlXWURrMnZwTjJ5a3VzNTJ3MVNwUGVpVUZaTGJwTHJFWkkzbjR3azdSblE3VXRCcllmczJnTEkzN2JOV1hZXzlXak0wLU1ZZjNubGpzeEFEb1h3VGlsSWI0SlI0TnVPdmNJbjJKM0dfcVhGNzNTUXZISDFLczc5Vmx3VGp5bVJ2Wm5UTnRTaFpCSWY5NzlfLXhBYzVHVmN5RFgzYzJEbnpjSGVrY1FCMFBZdFhGbGptMklvREhxcFg0bUYyT21YSllJUzFPSy02dzZPZGdqYXVZVjdfRExLWV9IeXhQV1c4UUxRajloNE5VNWFab21sWkdJemlfMDNIU3JhQW0xR0dyMFZxV2dtU0MzazhtVWxHakhic1VSdUUtVnBUWjJqdU8wcExTTE5FNGx0czdiZm1QZW1hSjhfUGkwaWlTUVZ5MWVC?hl=zh-TW&gl=TW&ceid=TW%3Azh-Hant,2025-01-07T11:05:01Z
48,12,Yahoo奇摩新聞,林秉文遭通緝系統卻查不到？內政部長認了,https://news.google.com/read/CBMirAJBVV95cUxOdk5lbERSOGxRYmVwWGgyVDAxSnllUDhfWWxlTWtpVkU0N0VBQjNRSl9EdUdWRklsdW1oMjZIdmVPNzZhV1Y1TW4xSUZRck91UV9YLXJfMm9XZGN1NXA3OGo0TkFRWWpMdF90a0pLVnRYX0lJX2hSYTZWTWRaWmh0NEktY293Q2hSQ3BPNmdjWXpjWkNXaVhNdUlscmhVQjdKSFk0MGhTcWhfZ2dPZl9xbDBUZTRIRXlySWJvTkNuYTY0R1pqRkVJVUV3NDZDcWVmUDRVWDdyZFhqcTBfeGF0SmxXaGlva3VXUXhSVERJYVg3T0Rub2tkRzZodFRIM3NScF9CbDJaTHZtdjFNMjlKWWkza0VUOXMwTUg3bTlHNXRIRkJVd0t2RkZ1emc?hl=zh-TW&gl=TW&ceid=TW%3Azh-Hant,2025-01-14T00:29:40Z
49,12,Yahoo奇摩新聞,林秉文涉88會館案遭通緝 刑事局發布重要緊急查緝專刊,https://news.google.com/read/CBMi6wJBVV95cUxOOG5FS2E3ZWNxWm5ZSWJvRW9IdEltbW5Mam95cnIxYmVwWUFGRzl4SkU2NW9BNlozb0pOOExOd3d5QnFCNFpzOV9GSXZLT3gzc2l5elp4MGVrZEY3S0xHYkhoRUxQT3ktaVYycE5GOTdBYkt6VnRZaDVrTHVqcXJNRUliRl9oYUpzNjhyX3BaMzJqWXViZ1JRVUM1YW1hME0xbmpER1dxbUNHcDEwbHc3ZExrN2FhMXhiQ2QzbVVvZTdXR2JhMTlaUTd2NjVKRGRKX3VqeDBTaWVVUTQ2RnZmS3hRcVVsc2VvSTh6dkl2MTJCUGJRbmpxLVVTYTBBWUNVdi1oMFc1R1NhOUpRMUgxNWJWTk1MaW5WMXA1MFdoOHpFUFhwZE1aNEdkb094Snp3TWNYZ3dobUt5WUVNN0QwNzFfc0VoMVMwNVZqM00wSXNyMEFZbXZFZmprcWpQMVlHV0NpVHRyb1BsaDg?hl=zh-TW&gl=TW&ceid=TW%3Azh-Hant,2025-01-14T07:50:45Z
50,12,PChome Online 新聞,百億賭王通緝不見人！三大系統查無資料 黃國昌轟：有人護航？,https://news.google.com/read/CBMijAFBVV95cUxQazBFclFncEdicGh6QWtEdng4WkMwOUozaTNjX0dNYlE1bkEwUkhaUmhIRkhiLWFpVWt2THlfeC1QSVMzMTNkSjlFSzlJbHRmUUZqTHljdUlVenJBX2hoQUZRWGlMYXliQjllVTBEcVBuQ3diZ0ZHcF9DTEU2YXhPcktzakp1NWV2by1hTg?hl=zh-TW&gl=TW&ceid=TW%3Azh-Hant,2025-01-14T10:39:04Z
51,12,上報,林秉文棄保逃亡19天 刑事局今發布緊急查緝專刊,https://news.google.com/read/CBMibEFVX3lxTE5WRndaaGtuODhCc3oyVXlHOFlfNkpoaEhSc1o1bnZ6bkVPV1BkZXBNU2g5RGNQajNfZzhQM1FwR2JiaGs2ZUlWMTRmZV93VUwtVV95VzVWRDZTM2ZLT1VCeDFKaml5bm9vSWxacQ?hl=zh-TW&gl=TW&ceid=TW%3Azh-Hant,2025-01-14T11:10:00Z
52,13,TVBS,被追撞驚呼「遭天譴」急道歉！詹江村酸：罪有應得 八炯再發聲,https://news.google.com/read/CBMiU0FVX3lxTE84M1BqMFB2TEdpenhMLWxIZTF5OHF2YUZqaFlvNVVhUGs4eGNUSDlGbm9wcUJMc3BYUmJSY2hHNGZzLUhNNW1WTDVlM1hlMVlfTElZ?hl=zh-TW&gl=TW&ceid=TW%3Azh-Hant,2025-01-14T03:02:00Z
53,13,Yahoo奇摩新聞,八炯爆新北、台中有5處「辦中國身分證據點」 內政部長回應了,https://news.google.com/read/CBMi-AJBVV95cUxNQnRmemttOE00X3YwM3Z3M2ZZbnB0VGRveEE3SjJlWFRuSXRYbHRWYjU0d1dXZmtJY2dRUmVTZjg0TGVvMHB0YmZldkpCc0FENFNBdHRXX1h1dW5SMGpldHBiOE5jMjdYV3JURi1sNW1PUk0wVmMzOFltdHFERmRBcWEwY3RoTVRZTERFNDdkX09kRmhjVXBKdWJ5WmZqbGxQR19saDVGNmJyMGxUdkVieF9PbGxsRjdydHpUX2RJZ0IzMnltS1h3by1WbDU0c0lVcTVWS0FBa2o0ZzVTUkVIR2JUbS1GWF81cnRvbjVDbWtDZl9nUFY3SllzUnByRXJHS1lFS0FkTEU5WmxFcEtZbUpEMXRmaFdDLTZnMGtOeldkdEMyd09HdzZ0cTV3T3VlcHJUTmpuRGItbFVVMEZtSDN2cExNelVzNmFYNHhUTTFYUzRIZXNzWDVPck5MTWszYUpwMFBNYXJrenBVRDNnUk40ZmcxVXND?hl=zh-TW&gl=TW&ceid=TW%3Azh-Hant,2025-01-13T10:58:00Z
54,13,聯合新聞網,八炯爆台5據點可辦陸身分證 詹江村：多次翻車無人道歉,https://news.google.com/read/CBMiUEFVX3lxTE5GUm9tVVJTTHdwcUoxM1ppLUR1VThmQVEwSmhPb2pKQ3lLRGdOd0JCRHFXcEE1YkRnTHl4MG1iZkhzaGZFUW1oY2YxTjdDdUU50gFWQVVfeXFMTWJxYjVsNXBJUXNsTDZJT0VtN3lYYWg5X3JSODhBVV8tZzdLZTNTUFN1d2Z2dE9QZ3hDUTJoT01lOHdUUXFYVkVmWjk0TElERk1mNjJpTGc?hl=zh-TW&gl=TW&ceid=TW%3Azh-Hant,2025-01-14T01:21:03Z
55,13,自由評論網,自由開講》國軍忠誠底線不可動搖：論現役軍人疑入中籍危機,https://news.google.com/read/CBMiYkFVX3lxTFBKTFIwSThxRkpsR1MzdDFuSnZiSnZMS0tOMVQzNnFtUUMzLVhkajRGWGktUVdDV09PcGZKbGtWV1BsY182a0VBTVdwNjB4M28zTERqWno2SEpNaGIxTjZVcF9n0gFnQVVfeXFMUENiOVFrYlNUMVVqOGFTVF9VWVVWV01ERHFuZjYyREpVakcyclZ3WEpJT2hSNDBOWlBrdzI2aGM2ZXJmZHU3MGxiNThuRlBvNzJ4dFJHTS1wUUF6RTZwNmJMOHlmZFVyNA?hl=zh-TW&gl=TW&ceid=TW%3Azh-Hant,2025-01-14T10:40:00Z
56,14,ETtoday新聞雲,2025旅遊補助來了！完成「出國登錄」最高領5000元 申請方式曝,https://news.google.com/read/CBMiXkFVX3lxTE1wWVZBWmR5NlctQmZncTN1MWNpWWpMalQxVWJaY0xrejEza3U3RFVXOWIyeTE0SnJnUk5DU3F4WUx6NmJ3VUpYSTNac0pZMTZrMjhFRUZ1QkxDMlNLQWfSAWhBVV95cUxQMDN4TW9wWWhBc1dUWmYxZG1vV3k3NHREN19UN0xYZG9UZkpqMG1GaFZWYmlseUN0V0xSWlIzWHVqMVVwbzhXSlNHbkFOR3o5cElGcHVCSHZ6bFN1Q3ZaUFVaUlFfSndZTA?hl=zh-TW&gl=TW&ceid=TW%3Azh-Hant,2025-01-14T07:45:00Z
57,14,工商時報,"5,000元旅遊補助來了申請資格、領取方式一次看- 要聞",https://news.google.com/read/CBMiX0FVX3lxTE1Tc28zcTBZZkF0MVFTd2lXNVJVODQwQ1Rlb3ZQd2w3cEpyQTAwa01STzNSY2F4WjgzZWM2ZmZJUVRIQk1HQ3A4bEdCSV9IWnhjcE14WFpYYXBobVJTQW9V?hl=zh-TW&gl=TW&ceid=TW%3Azh-Hant,2025-01-14T02:14:00Z
58,14,健康2.0,外交部發錢了！出國1動作 送你5000元,https://news.google.com/read/CBMiT0FVX3lxTFBnMlFlRjk0RDJRRVdiRS11OUFqOHZyaHUyZ092YXZtNDlWVmJhWmhDcEN3UTY1aGlfLTFsRm1pS2JiY2J6b1lBWUs3QzJQR2PSAVRBVV95cUxPdkhHR1ljX0FoRk1EZFZLU2pRVkFXanJDN09Na3hrN0VmaDZFVC01UW1RRFJOeUZoOV9ucm85RDc4enpFUzRaVFFuSC1oQ1FnQkprT0M?hl=zh-TW&gl=TW&ceid=TW%3Azh-Hant,2025-01-14T05:54:00Z
59,14,Yahoo奇摩新聞,外交部送旅遊福利！ 出國簡單做一事有機會獲5000元購物金,https://news.google.com/read/CBMi4wJBVV95cUxOVFZHaklsZkk2OE14bVVnRHByLVdhN3p4YXUzcGZHU0tqR2U3SzIzU1BvaVhyUks2aUVJWThENkRFQnlNQU41V3g4QURTUDFkR2NlckdobGk2Z24yVVBVcUVNbWZBNl81MlZkdU8zWGlJd2hTMGc5NHFPR003UldYNVZ6b0dlOU00eDZjQjBKLV9FanJLd0VhTHhwNDZKNHdtUFVpSFRZR1Y1dzlfR052OVE3X2hUVG5rLWpiaUthYngwZ1FrZFNteklTV2dPUmI5TElOQ1lDYmlBTzQ4aTI1YTVHbWN0MjcyZ1JTVG5wa19ieUZ6Q0VJLUFuUFhvaXZEY2hXVHBwbkY1bU9xd19TX09UNnRYTkZhVU00YkV4aExHYkphcmZuU2ZuTVZhWkNpTGR1S3lPclIyWHdXODVoeDZSRDRPTWwxMTNrWTNDQ3A5NjBVZnkyZlpYRHQ2b3pPRmRZ?hl=zh-TW&gl=TW&ceid=TW%3Azh-Hant,2025-01-14T05:10:06Z
60,15,NOWnews 今日新聞,綠委稱小草「現行犯」！劉靜怡怒噴髒話：靑鳥和北韓法學派合流？,https://news.google.com/read/CBMiTEFVX3lxTFBydzBWRElIUkxDYmUzYmhyX0NWd2hpTG1GVGFMd29UcEI0N1B2RmRpTmdwcHFuOFBaOVFCZ0FCanYxeTFRa0tOMHZUOEnSAVJBVV95cUxQQVl5NDI3UWZOU3hsU2pHSW1mVEE3YWw3TkpmZXdxYXYyTVJwcGhZdUoxemJOREk4SzRqSVNlaFFCYllEaDVMZEM1T0RwNm52RGRR?hl=zh-TW&gl=TW&ceid=TW%3Azh-Hant,2025-01-13T11:18:12Z
61,15,風傳媒,鍾佳濱急表忠？郭正亮點名4綠委：賴清德上任後都像起乩了,https://news.google.com/read/CBMiTEFVX3lxTFA2SGRpbndaSzBoVm9lZHVQdjFrOU1sVzNQcWxESnFpR3NkVkZEdkZMVUpUdXd5aUEwaGYzVWwtSDBueTlTQWFnMFBoN3I?hl=zh-TW&gl=TW&ceid=TW%3Azh-Hant,2025-01-13T09:34:00Z
62,15,聯合新聞網,鍾佳濱涉持油壓剪破壞立院外鐵馬護欄 北檢：他字案調查中,https://news.google.com/read/CBMiUEFVX3lxTE52UVV4VEdCX1hNb0RKME1jX0V2b09CTlJWdlpYMjNpNVd0UjVib01RNm9jNHNBelVjTnBwTW1abzBGQkY5Y2syOGxQM0RLR1V20gFWQVVfeXFMTnl3NDBKRTJtaG9fODlXdFZXMWEzR0duVzNaZkhJNlU1eWhmajJReHlmbnA3Yzh0dWItVDlNTUk3VmN4OGVGNk5uaTNHX1JsZmhDS2tudUE?hl=zh-TW&gl=TW&ceid=TW%3Azh-Hant,2025-01-13T10:19:01Z
63,15,ETtoday新聞雲,鍾佳濱持油壓剪破壞立院護欄 北檢：涉及6罪他字案調查中,https://news.google.com/read/CBMiXkFVX3lxTFBwX2FtRDhpZFFyeHFmRzF0VG51aTZMN04tOFk3MXNOQUVzLXczOFRPTFB1Ykk4dVFoaVd5T0VIRlIxT09mVkRVaFFZbDFUdnFZRGFULVJpSDd6d3RiaFHSAWhBVV95cUxPWlEzRmxOM2Y1ZU5zdUM4aDFPTmVHTDFKMVo1Vi0zMm5sRS03ay1fWGJNMmUtNkVaVmY1b242VHhuVmFCeDh6SEU0dlBSOWVkOFJWVlV5YWYxa2ZONEljbURSR2g0UFFvMg?hl=zh-TW&gl=TW&ceid=TW%3Azh-Hant,2025-01-13T15:07:00Z
64,16,Yahoo奇摩新聞,精舍住持殺人案重大突破 幕後藏鏡人暢銷書作家王薀收押 藝人李威也牽連,https://news.google.com/read/CBMi1gNBVV95cUxNUVJCcHM2ZjBZSjduMHhqSFE2RTBFNHFEQjRsNVk0Ulo1YUJNMl8zNExWS1l2Q1RJYy1WVGltZzNNaS1qa1lBdlJTVHVuclItUWw3Y2ltdmJjeUkwdVczakVBcWRZNVhlQkJyMG5HclJFakJFeFliYkNQTjN2UndlcUdhUFdhMm9iQl8yaWhrUGNCWXFzenhPeXFBSWdNTEd1VERicTVrUWppZVhXVnEtMm1Zb2FvX0U0bFJMdzlHQkJDVWlzT0pINkZFSHctanROeFk4RnBjemx4M0tZQ3NqZDBSWlVHaWpySm9weGdSZ0xGanE4MUt0dnVQMnAxMkVNM2tnSTRKcDRhSllSSXJrUVJmdWg3d29BV3o5V1RNa1UxdDJpTFduaFR2ZzR1MExQNnh2N19nVXotVldaRjhJYjA0MmdqempjYWE1dzBjRmpzYUFhZUJzX0dQa3lvdTVFbHF0VkxzQi1xeTBMZXliclNoZHU3MktQSUVLWXhsTUphTm03R2RMMFFxX0N6R0JTZUVjWV9QdG5YUmVPQ3psYWdJRDF4Z0tWdllsZkFJTy1OQVlEOHpqX0JQMk5oRy1QWGlDaGkwSk9SSVFKdU5mLVNSMkotQQ?hl=zh-TW&gl=TW&ceid=TW%3Azh-Hant,2025-01-14T01:21:56Z
65,16,TVBS,李威捲入精舍命案！「妹妹」揭他私下面目：性情大變,https://news.google.com/read/CBMiT0FVX3lxTE1nVldXaHhBcGZraGNSeTJJdV9kRDM3U3VKUEcyMnVoRnNwM3NvTDRNdmRRSjMwdkxJblVZQnRsUXhRc2NDYXhwY2dYU0ZORjg?hl=zh-TW&gl=TW&ceid=TW%3Azh-Hant,2025-01-14T10:26:00Z
66,16,Yahoo奇摩新聞,北市「精舍命案」重大發展 暢銷作家王薀涉教唆殺人收押,https://news.google.com/read/CBMi6wJBVV95cUxOZkJwS0tGcGRVMUZkMFVrSklDOTN4RFRRQUlJdHJpbXJDWXRsOUNTbmRLbHlfaU5vMENZV1gtQlVKQWtXWkxWZzFFNnNvNGUwNFFOXzlHemd2amJtZkQtTURJcThIMGVScHB3MW9Kai1ZMWRxQVhhbUhtZUx2NnB2UE92bVpmdkRXUXBhQXExM3dlMUJOMWZycHhBZjZKemV2cmdTcU1lRUdzUTJWOHBLdjVGRFdIZEJ0cGViQk94Z0xXaGprQjJIOTJRWExlbjd6Z24zY2ZFUDN3MjBRajIxTUlfbGlwMWU3QjRmU2p0QXdXU0d3ampSMThXUi1UcjdROTJPWFFlRmFvTFQxWm9laVQ5NmNDX3FIclhxeExSTFV0ZFV1VDFaRUNGTDFNcjh1RlJ0VHFYUVFHMDBDdm9JWVFxZEtyRUxiTHdEd0pEa20xWkkyVnJLWkRJRWh1WHdxV0VZTFFhaHl0aDA?hl=zh-TW&gl=TW&ceid=TW%3Azh-Hant,2025-01-14T11:20:48Z
67,16,中時新聞網,李威驚捲精舍命案！「妹妹」李妍瑾曝近況：真的很謎- 華人星光,https://news.google.com/read/CBMibkFVX3lxTE5mdHlQTXZWWnhqSEhDVFhkSFRPRDBIaVQ5dzFabmU3UnpxVmVfZzE1Mi1kY1RQRWI3WUZuSzVGOGJzSHNMRGh3UmZvbUpRekJRWE9tcFlESjZVSjJoUllnQml4Q0xUdnI0UE5WR2pR?hl=zh-TW&gl=TW&ceid=TW%3Azh-Hant,2025-01-14T12:15:27Z
68,17,Yahoo奇摩新聞,前綠委鄭余鎮驚傳「心臟病發」逝世享壽79歲 好友梅峯證實死訊,https://news.google.com/read/CBMihgNBVV95cUxQQ2tfc0psb29teDJXLWphanQ1OFRxVEV1d0pLMEtmUmt6MDNDMlluMWhybDdhM0FYdno4WFZTUHREa2RONE5laVBPSG1WaXQtdXYyclBNRl9pMTNKQ3ctR3hvbERYU2FET1JaRTFtX21FWTd5MGp3Mk11VG9zRF9pdTRtZGdMSWZjMDRfNzVFT1hyZ0NXT2Q4ZzZabDM2ZGFwMTc5Yml0UEhVRjktQWE3UWJZelQyV01NQlU4bTNSTGtNUWFQdVF1LVdQdms0Qld0eXEzTk9uQ2FqVVo3d0tjeEdhXzJTTHBFUnF0eXhfZmRvc3RsRlhYNWUtU09JTThPTl9WNE5wR1lkd1Q2X1g0amN1T2VCcnlGZTZicElaVkxVcXQzaHZmMEdLbnZGaHVuYVpEZHY5U2ZNYjF0c2U5VHB0NHFzYjJxSDgxNXpTeHRXNEp1WnpQbVFRTkZVbEFFaHhkTjlXQVFKRllobFlaRkFnOXh3NE1SSmMxUVhnSWRrVUlaY1E?hl=zh-TW&gl=TW&ceid=TW%3Azh-Hant,2025-01-14T01:49:46Z
69,17,Yahoo奇摩新聞,前立委鄭余鎮心臟病逝 醫曝5大症狀、急救預防招式,https://news.google.com/read/CBMi0wJBVV95cUxPYWNlUWw4MGFreU9xLXhvV2k5Wm5tZzJIcFJSNERvUzJtdlRZSnVfSXJLQXdnMXI4SVVDaXd3M3dJNVBCV0NjeHAxSHJfU29ya2FJakdlemR1MlF3U2VGejBIZnBna1dkbU1OekxIM2tKa2NtRlZhdHZtNzlVeUk1d3dya2xRZ3JNd1lxZE55S0JkSXAzMWEwRElpR2gzYkZodDBRV2IzeVRySTBueFlMNG1VQkhVenhVRWpYTDlTbGNEdC04ZS1rblNlbVd5WGl3a3dFMldJS19jUTIzbHJHLUNkLXpINXRFdlJXZjlvN3U4RDRHblVjUTlrN05lQWdIRmFSRHhpSFBqVGRDcUdjTjJBVEl6cFdMS05pNUNhRkFLcEQzUWZDSjRKVVg0dEw3dUVnOGY2aENXMncxWVNXZ1piWlEwRjhHczRmZkVxTE5YdVE?hl=zh-TW&gl=TW&ceid=TW%3Azh-Hant,2025-01-14T08:38:10Z
70,17,健康2.0,震撼！79歲前立委鄭余鎮心臟病離世 醫揭「1％關鍵數字」心臟病灶可縮小,https://news.google.com/read/CBMiU0FVX3lxTFBkclpiUTBGMm91Y0R4clZhT0JXUFg5OG1za0FQWTR0QmgweG5TS3ZTYUdkMDBaY2NKVEYzSVA0S19wMFdXTTNkZEt0aFNycUk1eGYw0gFYQVVfeXFMT3pZMThCaXlyUkNkWTRwY19iTDFLRGZGZ2piSXR5Tmp2ZWdVUTZqLUk4YWZ5Y1RPZXI0UjRhUUE4YjlmMjFNc2tfZFAwMzVkQWdNdGF0NnRUbQ?hl=zh-TW&gl=TW&ceid=TW%3Azh-Hant,2025-01-14T02:50:00Z
71,17,Rti 中央廣播電臺,前立委鄭余鎮心臟病發逝世將於25日告別式- 新聞,https://news.google.com/read/CBMiVkFVX3lxTE0wYUxmeDRsNFBRUXZzR2JHa1ZISWRSUV9BdGk2VmZ0NnMtMEhyNWNQc2FZRFhkSkdEckx2ZkJFaDBmenBiLWZWT0tEWUt2Z0hyMUtiYXpR?hl=zh-TW&gl=TW&ceid=TW%3Azh-Hant,2025-01-14T05:19:54Z
72,18,Yahoo奇摩新聞,國民黨向沈伯洋致歉 讚「民主菜農、新台幣論述大師」,https://news.google.com/read/CBMi0wJBVV95cUxOeDhMbENZczhNakZ1dTRYb0Y0b0ZHVk9uRkN2V2tVazQ1MGN5ZXVrVmE3Z3VpNldPZkFXVjNFdld0OGViQmtNdXBMV1FxRVIwTlhaTjZIUmt6bGV2a3dwZE1wMDdrOTc4UHQ4UmxLa1c3TGVfRHp6V3ZfWnRQLW5rTGU3b0RwNlh4eEdWQnVzWkUtUXYxTldnNHZwSXZBc2dzWmhONnUxMlFrZ1ZxYlVKMjlHaTYySC1NWm45a2hqMWh6Ykc1Z1MzVjhiVmJXbHhFdkFZeXBXd2ljLURUY3M3dlU1TF9RejJYNTlCeUZtdFNpczR1R2RlelR1QVBTcVZqQW9IdHVoSzVqZFBuNTVuSnRjZHZCSUNjNG5obGxGd1RERG85eExnOW53dU50SklyTVBIOU5HRndzekhFdGlCb3d4bFJ1Z2oxWmpXa3NXZlF0aVk?hl=zh-TW&gl=TW&ceid=TW%3Azh-Hant,2025-01-14T02:56:48Z
73,18,Yahoo奇摩新聞,國民黨小編嗆沈伯洋忘切帳號 徐巧芯、凌濤火速發聲力挺,https://news.google.com/read/CBMi9gJBVV95cUxNbGF2SUVqQkE5dUp4NkZtYVZWWVhKeU5SbVZadFhxMjdPdGJ3RndRbkVOaEI2NWlpSVEtRTJES1dnM3l1VndqV1pMWDRkRWFwUjJqOFZsc012ckh1Q2x1OW5USnRrLWV6TWhLa2gzMDgwWjRWNnBLc2NoRkJqZm85NmVHWXJoY2VaTi1kalJIODhVNjZBUmpDODVqams2QVh6aUtfeFFlanhvS0ZlSENQQy10MVM0ZExBendHaEVNN29ObVg3SFA1VElkaTR5QzV5Y1BBSGpTc3VwNWVzQ0F6d2t5OGk0WnV0MGp5aVlRcnd0Q2pFTHhGWHZpQ2RJNmZsTC1odDRSVDNOSHpreUZRN3NvdnY3cXdhVFpGc3hnVUxESng3bTlWbzMtelRMeEpZZEtyQUJiOGlyVUdKR0poc1FLQXJIWE5ON2ZDYmtUNUtCNVlqSGh2Ql9SaVNzVlJmR1Y5ZE5ySGJjcFNrVFVpbUVxTzJXdw?hl=zh-TW&gl=TW&ceid=TW%3Azh-Hant,2025-01-14T09:31:29Z
74,18,中央社即時新聞,指名黑熊學院辦民防？劉世芳：僅供參考由地方選擇| 政治,https://news.google.com/read/CBMiX0FVX3lxTE9wczFuajd6TXNiM3NscndfSVRhN09QekdiWTExU2ZocFNNb2hpbjBiV0JiLUhFYlJXUTM5WHVMd1dEZDZVNmJrbFBQbTBOY180akVjYWxrTXRVVVl5TnFZ?hl=zh-TW&gl=TW&ceid=TW%3Azh-Hant,2025-01-14T08:35:00Z
75,18,LINE TODAY Taiwan,被爆內政部暗助黑熊學院2千萬「民主種菜課3840元」 沈伯洋嗆告加重誹謗 | 台灣好新聞 | LINE TODAY,https://news.google.com/read/CBMiVkFVX3lxTFBIVnpKZTBERWg3TTZoYUw2RDB2MTVJRzFaa256QldiSE8taDl3S1FTSEd4YUpVdEM2cUpNai1JY044djZFT3BrelQyLUE5N2hxUWVZWlZn0gFbQVVfeXFMTmVZOE5SNWxfdF9ieGZpR2pLWmQwQWFVWmJaODJvMnVVLTB3OTgxNE94VVR5cklycV9UT3lQb3BDYzFSZ1h4TjI5UnJ1UzRGWVA4RTdIWEFxMDdKdw?hl=zh-TW&gl=TW&ceid=TW%3Azh-Hant,2025-01-14T10:18:25Z
76,19,自由時報,臨停全家超商被收500元停車費 女車主無奈：當積陰德,https://news.google.com/read/CBMiZEFVX3lxTE9iUGFzREcxWG9aWFZ4bUltcE9pQ0k3bmFGTGxrb2NtbElYNldTTEt2LTRmWlZmbV9tMUE2Q2g1dDFIMnotdXhBRjEwWVhER3o2QmhBSmxyWGQtNTZTby1RRjhBQk7SAWpBVV95cUxNYUc4YjlaMjMtRDVZUWhIdkNFc1dack1oaTh5Vjdpc1Flb3dITlBGMG52clZ3eHhxWnc3c2ZfYkZaN3lOMk1HOUFpU1lsRDktVW15Q20yeXQ5R29DT3NwMVBVeGM1NmNIdzFB?hl=zh-TW&gl=TW&ceid=TW%3Azh-Hant,2025-01-14T07:23:34Z
77,19,Yahoo奇摩新聞,高雄女臨停全家被收500元！超商違規「最高罰1萬5」,https://news.google.com/read/CBMitAJBVV95cUxOTUdodHM0enBfRDJtY2Jpcld0OVFfT3BPVExfenpmS2pySnRnbU1xSWNLUWY4cGpidmdfeVd2T0F1ckZ3MzFXWnFOek51RHh1VVpmVnJ6RlJ3VTBXTEVmaklKN1NLY3VEVzJJa1lvNHU4NVI2dmdpS3JOTzhfb0NKMDJHeUctc2tnMm1MS0FLaHd2WlFsMUtmTkRDYWhnZ0FxZkV5aUJ6OEVSb0VibjJjZWh5czVEZmpCMzE1eExRSmZBSVpVVkpBQmx3QV8wU3ZTZ1VWbjRoQWpVU1Btc1N0al9DNHJqaW5Gc3N2Z3NSekpJZ09nVEZnR05aajdtYnluVm1XVDdUOVpXZnRZY0R2T0lZTkxFUnZzSnFKWFhZbmNPeGk2TWlqR2QteVN2WC1vdS00Ug?hl=zh-TW&gl=TW&ceid=TW%3Azh-Hant,2025-01-14T10:28:28Z
78,19,LINE TODAY Taiwan,超商自設停車收費規定惹議 交通局：違規最高罰1萬5 | 華視新聞 | LINE TODAY,https://news.google.com/read/CBMiVkFVX3lxTE9sOXc3WjFfc01wbTkwUGlsTEJBY2xfck8zYm15UWlPRVQ4Qkpic0Zoa0xSY05hWFY1aVZLUmlUMWhuWWg3WWVLM2NBMnV6VzZvTUFmUS130gFbQVVfeXFMUDFuQ3RtX01TcVhFVWotdkMzTTRCTW84Vk1ZS0d4SmFQWkJrVWNPbl9iOVExUVJ4TFlocFVDRzFLaHh1NWtIV0FvSXJVRF9XUUFHMkl6SWdfTGVubw?hl=zh-TW&gl=TW&ceid=TW%3Azh-Hant,2025-01-14T11:02:19Z
79,19,TVBS,沒消費不給停車！強迫付500元才放行 超商下場曝光,https://news.google.com/read/CBMiTkFVX3lxTE1HRDNYQi1JOWlYYm9Rbm9MZlRXQTB5QXkwT1dkZEU5a0xoQTdhcUdFeU0zcFozWnp2d3BFQkZxZGtoMWpjYTFpMjBOQzdjUQ?hl=zh-TW&gl=TW&ceid=TW%3Azh-Hant,2025-01-14T11:03:00Z
80,20,三立新聞網 Setn.com,警政署首位女副署長 3線3國道警局長廖美玲升任,https://news.google.com/read/CBMiWEFVX3lxTFBiSW12UDNrZkhpc1Jvb041cjc2TjNxTEdfcVprQnJxSmFheFo1MXlLX0pNNThqZ3dtR24zTXQ2V04xTXdEZ1FyV3pYaDAwZE9NbjUzMDNLOUfSAV9BVV95cUxOUkgzallCVWd6dEhSa3hTYl9pcGsyRDNqTGQtQzZZdzFnMUY4WWhfWDNoSE9ib3ViUVIxRGwyN3NPT2VPOFZZeFpBTFZUUVhYMS1uTlVYYTRvN0tYeHphYw?hl=zh-TW&gl=TW&ceid=TW%3Azh-Hant,2025-01-13T07:31:00Z
81,20,聯合新聞網,警界2明日之星落馬 凸顯警紀要求,https://news.google.com/read/CBMiUEFVX3lxTE95TzF0Vng2eUFMMUtObHB3WkVWU09iTVdQejN4MjB6VnVfV1U5TG9sQVY1TkM0UG4tWnFkM3NOeU9pdVlVMTlzQ2dRU1Y1czEy0gFWQVVfeXFMTmRzUkViUFVRMkJOcEhyRFBpSDB6NUgxWDg3bGhyQWlJWWo1NXdHdVVfbGRUbTlldkFnYk1fYy1MeEZyYXF6SzFMZ3dMWWlldjkxUHRaUVE?hl=zh-TW&gl=TW&ceid=TW%3Azh-Hant,2025-01-13T17:23:48Z
82,20,Yahoo奇摩新聞,警政署146名高階警官人事調動 廖美鈴成首位女性副署長,https://news.google.com/read/CBMi7AJBVV95cUxNaUdDM2J2cE5sdlVzNUU4VjJzYmpaT0ZWa3F4ZjIxbkNLeTNTV1hzdUpSQWNUSDhRZGRRYzBrNWZHZXpxRzBCdTc4ZUppWWhvcHNESDVaeHBSZ1RWbm9sOG9BRlpZdlhaX2k2cmhxVC1aZ3BvZE5HMW5WYnlpNkt1VlpLRTlMTkhfS0NzVXlDdENEWGxBSkVwM2ZqRTh0eVNLTTlwbXl1WlpsMEpJSUFYMVJXZjQyTVhXY0plVHJpWUtPeTlBRFptOWphSGxPOG5GZWpPbGRDaGFZaXJ2T21IUmhqdURKU21RbWpmazBab2JGbUtaSW5lM3Z0UjVVWkFidmtxWkRIWkxkQldSSUpLeGtwc1dKWTNWLXI3YVpxRTQ3b19zV2RFYmhkYXphT0hqeE9PYmpOSjZPbk4yUUtzQnFNOVZxU0JFdHd0VjZydl9DLU02R2k5V0lPM245aHVWdjVCeUx0RWFEU0d2?hl=zh-TW&gl=TW&ceid=TW%3Azh-Hant,2025-01-13T11:42:12Z
83,20,LINE TODAY Taiwan,疑似性騷遭降調 基隆市警局長回應了 | 中廣新聞網 | LINE TODAY,https://news.google.com/read/CBMiVkFVX3lxTE12RHV0X1V3UGxBWVlqWVNEbXRBSzcxOXhpcmM0S3o5ZTZnUG9TVWpBOGV5dEc5WldidV9BSWJlYlRlUWhBNlBpdFNkZ1ZlcjVyNHpPNkx30gFbQVVfeXFMTmd4YzhBa0h1NmN2a1Uxd1d6akxVRXR1YUxSOEdRMmZ0YVhtekRFTnBGQ2FlZ3lUUnFyektDNHVUSWtuVkJmaHBsdGk4Nnh4ZVFGTVc3T3lvZ2tKQQ?hl=zh-TW&gl=TW&ceid=TW%3Azh-Hant,2025-01-13T10:03:36Z
84,21,ETtoday新聞雲,快訊／震撼彈！台中戶外婚禮始祖「心之芳庭」3／31熄燈,https://news.google.com/read/CBMiXkFVX3lxTE9JNlpNaU9Sam1FSlVEUTBDaTVoYk9jUW1QcncxNUY3b3pwM3lBMUJpLTB4YnRNVkZCYjJDa1hDRkMtQXNMeFBMNnVZaGY1SWJxMXNsU3Z3dDlTeUxKc3fSAWhBVV95cUxNa0l5dFdCOG5PVHBUVjRSSHVCSjFzX3pFbm9jMEIyTHpWMmphRTUyQXJ6YlFVb0lab25FLW1QamZZVjBPSDNNZlNVRTFrOWx1VzhDc1U3VEdzMUsyT0gwWW1ad01KVXo1cw?hl=zh-TW&gl=TW&ceid=TW%3Azh-Hant,2025-01-14T08:04:00Z
85,21,Yahoo奇摩新聞,心之芳庭3月底告別北屯明年進駐九九峰園區,https://news.google.com/read/CBMiuAJBVV95cUxNNFZRSU1OSXVzU3Y5S3JYdXM2aTZxVXFUUGFZYU9GblZ0M1NtS2xZaFRPalJ1TWo2YlBPYUNOMWlnZGdyOGlIQjdnNjlucWd2NElzNXVGSXdldXF5QTFkRzFLOGZYemdGUUc4SlkzZ0Q2UThlZHM0VW1lZktiU2t3ajNNS244Qk4yVnR1YzByczJ1U3JyOVdUakpUb1Y1QTFEUkhBQWU3Tjl6VnZiNFlwNVBYdzUtM0NvWnJ4QWlPOE04Rnk3ZlBBZWZNOE56QWVwa05qZ2tUZkYwQml2OHFpN3pMQzdYWjQ1ZDRmcVZLSTBuMmJzOURvbmlUYVM0U0E4WWp2UGxZU1U0X1RhZXhEcEJzLW94eGtFay1oUVVtei1xUS1LcGxnc1FITHN1QjB5QXBud2VLVlM?hl=zh-TW&gl=TW&ceid=TW%3Azh-Hant,2025-01-14T09:31:13Z
86,21,LINE TODAY Taiwan,全台首座戶外婚宴…「心之芳庭」宣布熄燈 2類人可免費入園 | CTWANT | LINE TODAY,https://news.google.com/read/CBMiVkFVX3lxTE50VnltWE8xVHA3eExfSEdkLXFaV3hMbkxHZG14NmxJY1JBT1k4cFZZUW85b1N2UXVGRGdxVmJHOGsxVEJXQ2dvSTV4d29qU2lxd0MwNmV30gFbQVVfeXFMUHJKLVExcjVHeHJkMGZqMURjNDdZYlZCOU5HaFEwNGJ0TmlxWEZVd014bXdDRm04TVp0WDRoRDViUFpPRGJUQlNxaEN6YlU2QjlLc0doWDlrSlFxOA?hl=zh-TW&gl=TW&ceid=TW%3Azh-Hant,2025-01-14T09:47:43Z
87,21,TVBS,15年促3400對佳偶 台中戶外婚禮始祖「心之芳庭」熄燈倒數,https://news.google.com/read/CBMiT0FVX3lxTE9VLVdBYlhaRkoxR1FXaXVaWE5iVHZYMUZSVkhfd250eGxzb2N3WUtFamRmU0IyQ0ZvZWNibFE3eTRYYjRUd0x3YzljMURicm8?hl=zh-TW&gl=TW&ceid=TW%3Azh-Hant,2025-01-14T09:01:00Z
88,22,Newtalk新聞,痛心揭柯文哲｢曾積極接觸習近平對口｣鄭淑心：史上最大政治詐騙犯| 政治,https://news.google.com/read/CBMiWkFVX3lxTE1tMGJwZjR5NFJwaFROOWJWd1RlMFI0R0tpVTBMcG5LZWI1YzFwZWpFMjlsYnY3V0R1Rkk3ODNCSkpyV2NDQWVsbzB4VnEwSzFZSUFKcmJ2MzNPZw?hl=zh-TW&gl=TW&ceid=TW%3Azh-Hant,2025-01-13T23:02:51Z
89,22,Yahoo奇摩新聞,柯文哲遭爆積極與中國對接 王義川評「想當全民市長」：缺紅色光譜,https://news.google.com/read/CBMimwNBVV95cUxOR2RiWTE3YzRWX2ZGMUFmVUN5alEwdEpvZjZzNnZtQS1XUFFZaDRDU0dNQmFVRVBJa2J0dnk4dGZqVnhTVHNKTGtpOVFrREJ6UVVUaXNKa3BjdmdIaElMUElPY2R0UTVyTG5ydW1YODdfcU1icnk3emVpTlVQbkg3OXlWNWxQLUVoZC03WFBUZDZEdzkzUE12Wnhmb2VmTEp2aTEyb3UyNHk2TFZwRFNrNWt3VGJWMTFGZ3BFZGU3TmRCRGc4Y2lvNGtCb0RFUk96TVBaMWRERWEtVHMwY285QXlLZlI3aWJKZkU5YzlQczAtblVuLU1xYXFqUzg2ZGFCem5FT2MzRkdwd09INXRnZHJqYVhWWk9WUC1CSUl6bng3QzdIUDZLME5jU1psRVhMdGFvRzQ0WjMzVVJHLV9sMWJWSWpCQ25MZ1BuOVhVNFNIRGdlNmJrajlHX2ZyUGRxbThsSUtTTFVaeTRKN3AzZUFScDRKTHpyNW5RQkYzeDZ5dUQ4dlV4N2dDa3JaYW5RcktwQWMzY0NzVDA?hl=zh-TW&gl=TW&ceid=TW%3Azh-Hant,2025-01-14T12:28:00Z
90,22,聯合新聞網,影／前幕僚爆柯「一票多賣」 吳思瑤：總算看清他了,https://news.google.com/read/CBMiU0FVX3lxTE5GMUFyZUJlbEpoVTMxX01STDBUd0NHblRwNUdWUFl4MHY3WTRXVXFLcUhxYkZXV3VlR25pQnA5cEhxQ1dXSkh3azlXUEpLOXVQclk0?hl=zh-TW&gl=TW&ceid=TW%3Azh-Hant,2025-01-14T04:06:29Z
91,22,ETtoday新聞雲,「鎢鋼大王」廖萬隆被爆助柯P接觸習近平對口 超硬背景曝光、交情好到被習擁抱,https://news.google.com/read/CBMiXkFVX3lxTE9KdHVPRnFWVVBUSlU1eTUxYUN0VER6WVZtbUlYSVRNTTA0SHJmenhVWFJyeXY1NlRqdFcxX3ZieW9EWlgzczNwWEpIZlZZeE9jbDdzbDlyejY5cHh2V3fSAWhBVV95cUxPczZnbUJ3dXAyVUV0ck9HZkpQNUZxeE9YU3c2SXVSTmZRZ3RkZ0FMdjZGbUpIaFJOdnh2ZktNRkJIVnphb01JQnNrakt4WFBha1RGT1FjMnVoN1pVV051UldiREFXaFg5Mg?hl=zh-TW&gl=TW&ceid=TW%3Azh-Hant,2025-01-13T17:59:00Z
92,23,聯合新聞網,出監驚喜！台中監獄前鋼管女郎、舞獅團高調接風 法院確定不罰,https://news.google.com/read/CBMiUEFVX3lxTE9HbzRRRExfd25HQkctcDBvbzhfY3JPdm1uNVJCMnZ4UGs4QTBrbHE4R29zRVNld3JXRWFRRkJBcEN2QWpGWUZlOFJxYnUxUXJX0gFWQVVfeXFMTmpWWGhPV2Z0ZUVnU3NiUkZQLVNNZ1QxOW1KejVlZjFXa3U5Ym14cDJOcER1emZ3RmViMU5EWlpkTk5LVTJuSW40NVA0ZHFwY2RxWE9VcFE?hl=zh-TW&gl=TW&ceid=TW%3Azh-Hant,2025-01-14T07:16:45Z
93,23,TVBS,幫麻吉接風！台中男找辣妹團監獄前開跳 法院認定「沒鬧事意圖」不罰,https://news.google.com/read/CBMiT0FVX3lxTE40cFN6WVV0NDdHQXExNGp3QWd1NGo0T2pGNllBTVpXRUtFRkpuMmRvbWF6aTRrbjBsWnR1eUJZUFctNDdLV0Y2TmR2TVJqTkk?hl=zh-TW&gl=TW&ceid=TW%3Azh-Hant,2025-01-14T10:37:00Z
94,23,Yahoo奇摩新聞,台中監獄高調接風！爆乳女郎「狂搖3分鐘」法院不罰了 原因曝光,https://news.google.com/read/CBMihgNBVV95cUxOc2Z0ODhoblFNUVJSaWN3VG1PRzN6Q1I1dmp5MU0wR2tGOE5XeTkzdm03OWFaTkVrbVRPNmVtaktXTXR4ejBMUlZQNGg4TVBKRGVfTHNrVWEwX05lMDBaam8wM0x5MkQ1blJ3b2JGaGptTTIwRURqcUJqM3Jnbl83ZFBUOFVVU0FJWEVlS2dpRHZ3U0NQSWpnc2VqQ2Q0QV9Md1EtdWg4SHBXR3I3eU81Wlp1c0Zkb1pYRFhhNzNGZThJTEtqa2xQbHVLTXhvQ05kX0ZIQ3dUblRCc0pUMzV4bk1MaU9rYkEwbnB4RWMwdlBkT0ZRTWFydjUySGZtRWVTcHJiSngtdVdnME1McDJCUDMxamNjeVJkckNiZUlFYVpBNVN6Vk9zckhsU19JcHEwRkx3S01qRWFUdzlGdGN2ZE1IQUkyU3RkMUFpSUF3Ny1keVpqWWdoMXpHMC04Nl9GQ3NwN3RDbXZjR2dPdDZDaUFuWnd5alRMR1Fqc2pvWV9pWm5zaGc?hl=zh-TW&gl=TW&ceid=TW%3Azh-Hant,2025-01-14T10:41:00Z
95,23,MSN,辣妹+舞獅監獄接風免罰！ 警方抗告遭駁回,https://news.google.com/read/CBMisAJBVV95cUxOUExFalgzOEh4cVBDb3puXzNuWHJBcXZrM0x0b1lDay1BelpGS3FDTWdUSE85clB2UkJ6eVdfNU9pb2hEdE81V2VpNnlwZWxKTThqb2JNVXVuOFJDU1QyRHpvSHdBZzlrLWxSQVl2R3VCUEhrRzM1b1NuUS1XWFBiX1Ewc3k4aWdiQ2VoVGJXQlF1MWlhTldSX1pjc1FoR29JTDJ3eVIxcDVGQlFCcUlXV2s4cmJRWHlJY2w0WUszR0dqSnNLV0Y1ZnRRRHowTzJseFhSV0xpTVhxbm9kSWVpc3M3TjVKMmtOaWJhYVNlTlFDS1lpWFlWQUtjcTB5MUQwMDMxTE5hV3R4blVyOHVmS0NzN2s0VkRPeHlmYWRNSEJjbmZURjBiSlJuWk03MHZh?hl=zh-TW&gl=TW&ceid=TW%3Azh-Hant,2025-01-14T12:35:38Z
96,24,自由時報,台北捷運更新1396台閘門 年底可使用手機直接進站,https://news.google.com/read/CBMiZEFVX3lxTE1DOWluQ2prYWt3NV95QldYclZvaWpDdFJ2a2kxOVRTdU5fWXdfeU8tMHIta2JjNkNlbkNCcjRlRENYNnhidkRsenF4YzNJUy1IMGhOcEVaY3BXcl84b2RSRzNlVU_SAWpBVV95cUxPR0pwOUxPNVJWRjBoT2JYWEpGT2E2cHNaQmExdmcyQWh0eHhiOHFsY3NuWDBQd2ctRG1NV1czSGw3cWoxZC11ZllleVNMQzNQLUpCZUpOREdIVWs0WWtxUnhPUnFULWdvRUlR?hl=zh-TW&gl=TW&ceid=TW%3Azh-Hant,2025-01-14T05:22:36Z
97,24,聯合新聞網,捷運票卡閘門更新 行動支付輕鬆進站 北捷：10月建置完成,https://news.google.com/read/CBMie0FVX3lxTFBBczhoT0VKcmZhc19pSU5JSFlpWWRYaGEyNDBBS1Q0MzNWWFAzWkxaQWdNWDc4UUNiQmZmUWxoODhQV3c2M2xSNE5kN216bEozM0p1eEEzcEMyb1l0T2haTUhxV3M4dGRQSFd6ZUJaS2xwTlc2bGhaX01YYw?hl=zh-TW&gl=TW&ceid=TW%3Azh-Hant,2025-01-14T10:20:57Z
98,24,Yahoo奇摩新聞,通勤族福音! 2026雙北公車可刷乘車碼. 悠遊聯名卡自動加值,https://news.google.com/read/CBMi7wJBVV95cUxQV3JHTVk4LWZySlFqdXhpV2FldjlFeEduUGVpaVJnYUFCeHAwQjdqQjlSY0JyYUVnaEZOQ2xvblI0aGQ1VnBidWM3eU82eEhBRlhJc2RFN3d0LVRGOHhnVkE4N3dSc3UtN1NjNDZpQ0lGNENGdTg0aGQ2bFJFRl9CUElwNExqcV9FZzhmV1ZvR2kteHN0Wkc2NHlDcEFsVnhZM0JjZ3EtQ1NhT3lhN21TQ0hZckJ3MmJrZVdxSTB5a0pCdThLakluMGJxMzlWTGtCT3dxWXE0SmhVSTl6bDN4MXJjV3RQcDdEX1hOcnlpeHgwcUtWckQ0X21zeEMtY25hd0c5ZEdFdlZVNG9WNF9zOXdQcEpQQk1VYlhSTnEtQlpTb052bXowTS14SmM3REpJTDhSb3BWejBOUC05YUxtd0hsT2hmMS1TSEY2YS1pS1Z1X0tJSXJyeEU5c0VOVU0zRkVjS3d3YVE5d3FpUlZr?hl=zh-TW&gl=TW&ceid=TW%3Azh-Hant,2025-01-13T15:53:59Z
99,24,MSN,搭公車可用手機掃碼付款 估115 年雙北上路,https://news.google.com/read/CBMiswJBVV95cUxPeWlNcjNqRzZjNEpfeHFveXpJTktfNXJtbnA4S3FBT25Ta1dtMVlpd0o4Ynd4ZjhRcmNIWWl3cXdhYnM0RW9sd2g5V0ZENXlHTC1ES1g2MktyLVlEbWtJVm50c0g2dnlDX1lIZWNLME5CRGdhZWliTXFXaFdTWU8za3JjTERYcDhSV0NYUS1qd2ItUzBVVmRVRU1QcG9Eb2VmSEhnVkFQaUt5NDczalBCbHE5MXVjQUgxeklLclhhVG05UjItMC1OS2YyV0toWHl0ek1GWHBqbmpTeEVsZXc4cTlFUjZ3VDFwUlZ4ZGtnYWhidHJ3VGJ1UlM4R1JXT3NkZ3VUaU1Pb1dXdExyRVd4WTAxOW93eWt4NXA4aXphUEdHV280MG42dGZzYUhhTXQ3c0I4?hl=zh-TW&gl=TW&ceid=TW%3Azh-Hant,2025-01-13T12:11:47Z
100,25,聯合新聞網,涉八八會館案能回家過年了 郭哲敏獲新北地院2億交保,https://news.google.com/read/CBMiUEFVX3lxTE9VTUc0NUhlUHhUWFJhcDc2ZTRlVkQtRFNQWGhDU2s1RjFvMHRpZ0k1WGJuY0ExQWxPdDk4TlU4V0pxR0RSZVk3UWdmelE3TlM40gFWQVVfeXFMTUVCTXNFbkxsZlhWZ0pzNkJKLW1zSnVzbFJkVjg3UmdiTDBCQjVVRUEzY0dieWZ1VnV4M2RiRnhnQUdoWm9iVWdhR0R1d09EQkUtbHdIMVE?hl=zh-TW&gl=TW&ceid=TW%3Azh-Hant,2025-01-13T08:45:02Z
101,25,Yahoo奇摩新聞,88會館郭哲敏遭裁定2億交保 新北檢將提抗告,https://news.google.com/read/CBMisAJBVV95cUxPaFhxYW1Ia3N2SWQ1Z25yYWEyZVhVTDRMWWlfQkpUOVlmekFzUmcwakJRNXRUVmluUFpXcnE5Rmx6MFNFdUFjSVpwYzZiNmlJS2dFMWxOQlBfNFVXMXpuV29OMl9uR01XUUZRTXZDX25aLVVBZTVKbTg3VVRNVHFMZVRrNUlWd1ByTEtSdDlrODZ4M0dmd0RTcXRiOERMY1lvX0JabHBfSl9tU0Z4OHhNMFRlem85WHFscDUzZDVDMFl4X2xNREZnaXR0VkRJVU9aYTZrWkVKX2s3dVJZdk9CSW1HSnVKeExUSHFJTUFBcWFEUjB1X19XbVlmN1B2T0dnSzRBdU9VMDR2d2pGaFJYN3NQZExjQ1ZMYmVTZHlMVUJkMWF5ZlRYNVBHN0J2YXlu?hl=zh-TW&gl=TW&ceid=TW%3Azh-Hant,2025-01-13T12:06:09Z
102,25,上報,郭哲敏4hrs搬出2億交保 新北檢不服提抗告,https://news.google.com/read/CBMibEFVX3lxTFBWOXAycExXSmU5TVVHamljZzlyYjJaVWtlRDUwS0NrZlc5LUlhOU9NTmVhTFVEclY2Y1pTVENYQ0ZJRFkweTNuY0RxUjFJalRmaWdSbnUxblExN3ZLUWdFN01zSTJhN29jeTYtaA?hl=zh-TW&gl=TW&ceid=TW%3Azh-Hant,2025-01-13T12:30:00Z
103,25,ETtoday新聞雲,法官給12天根本多餘！郭哲敏4hrs就搬2億交保 檢方不服要抗告,https://news.google.com/read/CBMiXkFVX3lxTE9kT09jM1N2ZWFjNUhlNzd6Y0dZcEdzLXVocm15MlRMZ1MybkxFelVIM1Bhc2xtMExBZlpGeE91OTYyeHRrRjEtTGFxOG5rNGF6bkNSaGV5ckNUU2tpTHfSAWhBVV95cUxOeTVNakZrZThNOHhheHpvTF95S3NhTjFTRmdlcWNMYVZzTVFOb3RMd29icVZCWVVIUTEtTUI4cS01MGhkMmw5bDZOUjBLWndMdGFydHVsdDJXNjRRR2x2bHhTaW83SkxWZg?hl=zh-TW&gl=TW&ceid=TW%3Azh-Hant,2025-01-13T11:08:00Z
104,26,自由財經,LTN經濟通》中國為切斷海纜 申請專利,https://news.google.com/read/CBMiX0FVX3lxTFBDa0IxQVJWOFFMSktkOFl5V1hXYVRza1l4YmRVdUVzNF8yYjRZLVlYYTVwOFRzSGIyUlBpLWY0VmNDazVfMEtFQ1UtdVJMUHhxME5sY0t6V1BENVJJbEhj0gFkQVVfeXFMUHpmM09FS1BXbTR5RE9ld1dRNWtGb1pxOEhyNmNQaDEzOTBXaGk0dWZ2QWF6UnBkNGRnN2szX2l0OUE0c1BlWHFSWk1pczJLaG85SHJkZm5rTnN3cW84MkJGWUx1Qw?hl=zh-TW&gl=TW&ceid=TW%3Azh-Hant,2025-01-12T23:09:12Z
105,26,中央社即時新聞,貝里斯貨輪徘徊高屏外海海巡：未航經海底電纜海域| 社會,https://news.google.com/read/CBMiX0FVX3lxTFB4eDQ2TG9qcV9VYzBLUktMT1hFaHpXajZyU2JFdXFfdXRBV3B3ZF91X0p4cXA2cHpHLUlLOGNsckpZaEd6WlRJZ29VQTQ0Y0RGa0dCOVVUWEh1M3Y1NUs0?hl=zh-TW&gl=TW&ceid=TW%3Azh-Hant,2025-01-13T14:45:00Z
106,26,公視新聞,蒙古籍貨輪連日繞行北部海域 海巡署全程監偵警戒 ｜ 公視新聞網 PNN,https://news.google.com/read/CBMiT0FVX3lxTFAzSllkcWVSS2RzUXVNTlY4MzJHdGRuSmljMW5TNmxIY0ZIeHFVZnBtajljSXRNZ2xTUEFEak40bHVZR21ldE1QN2xnaHJMcjTSAVRBVV95cUxOekFSS1hRS2htSWVPbzBBVDFvVE04VGRzTmJyNmJZbEd3aWFQUXFmbWEyemZRQV9YNk00UTVZQW41MkVmWjNSYUVwSUd6VER2d3diUlA?hl=zh-TW&gl=TW&ceid=TW%3Azh-Hant,2025-01-13T11:41:00Z
107,26,聯合新聞網,國際小學堂／波海電纜受損 指向俄影子艦隊,https://news.google.com/read/CBMiUEFVX3lxTE1oT1hWSEJHYmdiSUR3ZXNqb2Jady0yaVAxT3hTQm5JNXV0OWpZSlNXaE4ySDBkcnpXQmFhTkgwVHg2N2FDYWhYeVZfMUlXYWVY0gFWQVVfeXFMUGRRYVRjcWd0Zzlyc1J5RG9PUlgyczNBUWMzVko1QnE1UF9HSTFDQ2NqZkN3OGdfV3k1MVhGaERKUlhTV1R3emp1cXVBMFJIS25wZlpCQXc?hl=zh-TW&gl=TW&ceid=TW%3Azh-Hant,2025-01-13T18:04:07Z
108,27,自由時報,蘭嶼多處景點遭噴「中國台灣省」簡體字 鄉民：返島時曾遇中國團,https://news.google.com/read/CBMiaEFVX3lxTE5rclVJVHJ1OC1HWlVwTHdOUF83WlhqMzQ0MldzZE8tZXBKZ3U3emg0REQxLVdxOXliUGJXMGhHdVRPamJtY1pXNlJwWUx0UDFWN0RiRldhNzZHeE0tV21xRmlWbVBNR0Vq0gFuQVVfeXFMTXkxQmtWMGNpc2JSdVM0c3ZDSXVGLWRPXzhqODNDYXFxbjRDa0JSd04tN1FJcnRDY3E3ZmJycVRlTnMtYlBZVUk5VE9FUkVzQVZDZkllOXlQdHU3NU5ZSlR4RlRwOXFYV0NnT1BseEE?hl=zh-TW&gl=TW&ceid=TW%3Azh-Hant,2025-01-13T09:00:24Z
109,27,Yahoo奇摩新聞,蘭嶼多處景點遭寫上「中國台灣省」 警方追查究辦,https://news.google.com/read/CBMixgJBVV95cUxPMlBXUXdUaTNLNURJbkU3bFo5aVR6cVlzMTVvaDUzaGtzNjNxS2FncWxEem1qblRBaWNfN2xOMVowd081UzdUbnFUaUhYb3hnMU1OXzNzWTBaWWFiOE15T1lTV0c5Yl8yZkp4ZTJjeFkxdFIyYmlKUEhpbjVTaTN4TWRsSE12UzNFaUhhUEp4YktnYjM4VHQyOTBjVWY2MVZYWFp2VC12SXpzcHdfdmU4WThEdWZhNzFabXV5WGVmb1pQTURweVhuQ0Rkc1dxTnQyUUxRSVRWUWVGX1hqVGVZSERNbzQyZk8yc0tINHpmWklUZGJYUWRkb3U0UzBkbE9mbEtaVFR2cjl6RW5SVEduQ1k5SnhJRDlPdXRKV0FjNkg2MHdFRHVfMHBsR3BTMUpRS0JYTHY0RUFHQnBiZFUtSHkwdGJsQQ?hl=zh-TW&gl=TW&ceid=TW%3Azh-Hant,2025-01-13T12:16:26Z
110,27,房產,獨家／中客侵門踏戶？蘭嶼景點遭噴「中國台灣省」簡體字 代理鄉長回應,https://news.google.com/read/CBMiTkFVX3lxTE02QllLS0szY3BQMUhHVVNGNnBuQ2Jwc1RDWThGcWttTEZiVzFRUTJBTXh4dnFHbzhQazAyN2R2dXlveWpRTC13Q2pZNlNzQdIBX0FVX3lxTE9jZkh4LW1Gc1NUbzNHZ0JleERYYTRWS3RDQm4xSWNpMEQtQkF2amZsN0tuZHlOek45Q29QQnJaT2hQeGlUYlpYN1lMYXhxbWhLNE1xN0JrUkVMRC1YMnNv?hl=zh-TW&gl=TW&ceid=TW%3Azh-Hant,2025-01-13T13:46:46Z
111,27,聯合新聞網,噴漆怪客出沒蘭嶼 多處景點竟被冠名「中囯台灣省」,https://news.google.com/read/CBMiUEFVX3lxTE9WRFZNM1gweVoycVUwcG83WktoY011cjRLeG94XzVUc0t0V0lST1NyZEZBdmlDd3h2dGM0QmF4dlF1dXlUWTktYS1FVlZQRndw0gFWQVVfeXFMTVd3RnVtUWtlSERvN3JHa05iRVoxTTY0d2FpY3Nxei1yYmVBUkNYV0ZzZ3B1TzhIQzRpVWpqWnczQ21sTUxwd0ItdlN2czV2UFl4SjVNY3c?hl=zh-TW&gl=TW&ceid=TW%3Azh-Hant,2025-01-13T10:46:10Z
112,28,NOWnews 今日新聞,「罷免吳沛憶」90歲嬤也來簽署！他曝萬華鄉親驚人反應,https://news.google.com/read/CBMiTEFVX3lxTE9IcFNlbnFvY1k4dk00am1uZFFXOEVueHBhNjVlWkFOU0NTUjJYTDFoQWZBMFB1bElIVTFUVmpuVzltT1RVUFBlc05YeW_SAVJBVV95cUxNcXRqMVZnM1FOUEFmRG9ZbGswN3Q5akl5WHFId3FpY3lDb0JpRmNiTHBRdVdHTEItSWtXSTNIQWlqUFI4WmliTE1mX1Q4NWpLSmd3?hl=zh-TW&gl=TW&ceid=TW%3Azh-Hant,2025-01-13T00:52:44Z
113,28,Yahoo奇摩新聞,吳思瑤嗆沒政績！芯曬12頁政績手冊酸：你只有一張春聯,https://news.google.com/read/CBMi1gJBVV95cUxOcU1PQmx2YVpRTXpVZ3hfS0F1TDcyQXZ5MUhfT0Q4dGNHSGVsR1ZrTmszeC1YdDMxcGxBNGl4VTZlTnhaSnNKMEVmNF94eHllVHA3ZHJncDZGaHpfdmstV3J1RE5yMzRWQ29NVnA3TEw2c0hCVkFMWG1mbG5STHJLYW5GRkFMTldncHNFN3Z6T1ZscUt0Z2E2Tjg4MlBxclFMWDZfNXV1WFVyaE1SeFBtdXBmZTl2bjM2TDd5ZFM2LThwQi1QVmllZ1V5eFFRZXZfS3o0OHZxcGZsMW9jQVdFU1hNNXR0b1RWYnd2SmpZVkM5b0dkSnQtd3NyUVdubDRPYUZTc2pDWUtuQklnSU9ocENEZktGRDZOalgxOWF0WW1HX1MtSU5fTklUckZPMzQ3amVHeG81dFgxZ3hQcVA1VUY4Y3NWUTRsdHhVQmlCN25rUFZrc1E?hl=zh-TW&gl=TW&ceid=TW%3Azh-Hant,2025-01-14T12:39:00Z
114,28,聯合新聞網,影／吳沛憶、吳思瑤吸千份罷免連署 徐巧芯：柯建銘亂講話火上澆油,https://news.google.com/read/CBMiUEFVX3lxTFBzY0RMODR2TU05dkU5QXJRNHVuZVE0OWczVEF1cVREWFlmbjBBbkkzc21uaFNhYjdDTjFUSTZ4S2lXY0xBcVlYSHkxWm93UGxl0gFWQVVfeXFMT09NNDhpQ0JhNkJFRWlYT3V5SWUydXV6MFR1bVRVQlBVVzByLUl1ZXRhUkNfZHlueGZ0dkdwNUdsMmVWUk10M3NDeHgtbVUxY21zUXVHNUE?hl=zh-TW&gl=TW&ceid=TW%3Azh-Hant,2025-01-13T08:55:47Z
115,28,風傳媒,國民黨罷免傳鎖定吳思瑤 他促改罷2南部綠委：不要只挑軟柿子吃,https://news.google.com/read/CBMiTEFVX3lxTFBpeWNFbEZzU2Y3QkxsTGtybHRFRmg5ZENNNGNObmRQVEMwWHgyOXFkLUdZRkJ6bFQwejhKbnMxWjl6NVVEZ05aOU5YSG8?hl=zh-TW&gl=TW&ceid=TW%3Azh-Hant,2025-01-14T12:18:00Z
116,29,Yahoo奇摩新聞,拜託快點救他！高雄惡火「3歲獨子救不回」 夫妻老來得子淚灑火場,https://news.google.com/read/CBMitAJBVV95cUxPVlNZTUZvdkprOGJYYU1SZHU3SXlqcF9vS2RuS0h4czFrZ3dac2lyOEJFQVZKMHlnN3FjYW1oMzJBUXc3d3R2OEhWdmoySktjVW9JU2lKYVVuRE1VZ0FPdWZJckVGcW94cWthSm10QXFhdVRVdHlFWVp6MGV1em9QQ3U0OGxQaGtiLVlPV1RBUnVGVk9RWDB0WjZBMzZZTnptbHRQRGFwcnZFYkNrTHNrcEFSNkFJQlFfS0hTN2Fad05RTFlCaEhXRDZfS1l1U1Z6VGhSd2I0WHF1WUd0QURYZmFiZ0I1N0ZCUC1IRV9FMGhRYUllX0k5c2tJMkxVYnYzTVZXVGstaUI5anpzNUhCMG4tLWJmWmIxdWNSSVYzLVdkZFFWd2RNQURMTmtLWkhoeXFIdw?hl=zh-TW&gl=TW&ceid=TW%3Azh-Hant,2025-01-14T03:40:54Z
117,29,Yahoo奇摩新聞,3歲童困火窟亡！父老來得子卻天人永隔 夫妻心碎拿燻黑玩偶伴兒,https://news.google.com/read/CBMimwNBVV95cUxNRWMzVmhBc0ZySzhMYWJvRmtXaGlLX3NkcXZoQTJqRWZSYThXWkNXSEh4WExpa1I2S01jMHR3dlZDeUE2WjRuT0hwLUNDUTY4N0g1ZkdYVi1zbFBmUVdSbkc2YkVTYk14VVNjdmFnV3gyZ25ORkNIMWR0cG9iWjI3Ty0wS0M1ekM1U2Q4M0ZlSFg1NlRQc3E5cDYzM0RKZ3ZOc0hDd3RMd3VGMHpqcjdTLURxMHRaTGpaRnBDaElkaDlRMDNTOG5aUnh3TTF2dFVjd3ZWNGJScTRFaFZ3bDYwSXVtSlBJdnFMYXB5cE90NnBadmE5akNQbHhxUEptZUN5bmNRQWNSRlpXaFphYjNjNVJiZFRaUzlhbmpxM0pCLWFGY2NEUkN3QWlQNWJwS0s2ZllWb1F3V09nVld1eVh1WVF6RGNzdk9YY3BSZ2NQeTlndWR5VmNadVJoU3FON1Z6Q2hpNzNUUHpRcDRzQmlRUUxKY3ZMTkV4RGlGM2ZHN1dfNU5LeE1LRUUzMGhsanoxWWR6UEtvLUkzLXM?hl=zh-TW&gl=TW&ceid=TW%3Azh-Hant,2025-01-14T07:11:11Z
118,29,聯合新聞網,「火太急來不及救」高雄3歲童喪命 夫妻相擁崩潰,https://news.google.com/read/CBMiUEFVX3lxTE9LUmtObU5xN3Q1UktIQ2dWUHNRU1Q0UWJQVEFMYW11aHlRd1N5TFQ1eFNwY1dJakJKZ2t1bWRjVTZ3VTV6VmRaMkpvRGZWM1FK0gFWQVVfeXFMTTh6ZXlvUjBVNEgzZzg0SWdTcV9xOHNkTzBHRGpIN0szdmcxdGE0MlRFSjVQVUhfUGFqZEhPMzA4N0FieFFVWGtrRmVES2lXQURwazVIWnc?hl=zh-TW&gl=TW&ceid=TW%3Azh-Hant,2025-01-14T03:33:49Z
119,29,TVBS,民宅惡火！父母急滅火未抱孩子 3歲童搶救不及喪命,https://news.google.com/read/CBMiT0FVX3lxTE1IRnpiWnR3cTdFcmItaFJKdFoweVY4WDhVbHRQQ1lpQ0xpaVdQcU9YUE1Vc2EzWkkxQ19QQkJEamxVbnZsVU04Q3VFX3JhTEU?hl=zh-TW&gl=TW&ceid=TW%3Azh-Hant,2025-01-14T05:28:00Z
120,30,TVBS,年前詐騙猖獗！上週台人遭騙24.7億元 多數人敗在「這手法」,https://news.google.com/read/CBMiT0FVX3lxTFA2Z01pWi1hRzN4VEVsN0xXcWIwTFZEWmstU25vSTJXZHVRUDU0ZXRZdFVCbUtmV2o1Y0ppVW92Qnl3aUNZWUJFMWJwS3l1RmM?hl=zh-TW&gl=TW&ceid=TW%3Azh-Hant,2025-01-13T10:40:00Z
121,30,Yahoo奇摩新聞,全台單周24.7億遭詐財損 常如山號召企業轟『詐』,https://news.google.com/read/CBMiswJBVV95cUxNeXIyazlFeXczUjd3LUhIaFBfbW5jNzlJSElCaVIyS1VQYnFSQWdJdU9rb09FTjhzNlZHa2hJamxzUnppMDdpY2hhSHd0UHlpbjZjNXlSSlNlMEJVVEFsOE4wMjkxdG9iWE9Cd0xGQXF2UHhzSUYyVmE3V0ZaTHBLTEMwd2sxUFJUbHNTclhBLWVIYU1TbzRJNm4tTEpQTzdSNVhaQTlaQkxWa2JqR2d4SkxxSnRYbjI0bUM4VU9sMFk4UlpMR1RDa3IzbFp3STFGWVotM3ZlMHZyOTR3SnU1aVVXU2xnYjlsLTBLbWFHeFJOa3FJb2h0UDBibzZCNXBmVWo1VGVsX1Q2YU9aN0NNMmJlUjZBYzlxcUNMSng0MFA2OEtrOTloWkxjM1MwaU9OTkJz?hl=zh-TW&gl=TW&ceid=TW%3Azh-Hant,2025-01-14T13:25:02Z
122,30,聯合新聞網,宜蘭詐欺案件減少20％ 分析詐騙手法排行榜「它」第一名,https://news.google.com/read/CBMiUEFVX3lxTFBqYkVsUTNKNDZWOHVrVHRWOWpFZ2I3SU1xNjFycFNSSzRBcGhEQVF1WWJDM1hwcU1WbWJEOHdhQV9zUWpDdDdrVEdfa1F5Nlhv0gFWQVVfeXFMTWc2OTNmMXhHUE9NWEtQVjU0cU10RjJ1QW9pWjR5X3FpbU0ybkJvZmJVS1ZVM2VnX3kwR3Y0ckhYU3pCZW01SE9GdW1NTWk0bW9yRmhoWWc?hl=zh-TW&gl=TW&ceid=TW%3Azh-Hant,2025-01-14T04:57:09Z
123,30,MSN,年關將屆 旗山分局長親上電台呼籲民眾謹記防詐三步驟,https://news.google.com/read/CBMigwNBVV95cUxNWHpsZWpvV0xjMC1GUjFMV2NybkpKZjV2dmhaSkFBS2hqVmprU1dlUDhRbWdXeEpITDdNdWc3M1pSNDd4N1AzZjVSOUpVMDVKTFBzOE5HbXotTkVfdXdOMTJLUHRWZS1aR29HcUtGT09PZkpueEZzX0xpWmNfbHdkc01FMGQ4dUpqMHI0MlBHdDhjbDZvMWI0OXFkNTJUbEllMDM3ZXNoYU91b2dRV3F1RG9KOEVnRjZjei14bFVEUUpnQThWMW5Ma3hxZ3VIVWN6X3I2UTNvYmgyZ0pfc01UbWVXQ1l6dUowdFlCQWN0NUotb2pJcnQ5c2VxYlBpb0dEZkxDdkRSSmxSRHJwUV85ZkpjU0VrdUVaZ3J3RzlIbmJrclR3Vk0yNUN1RUxpdVRhN240UFlNQmVDS0p2RGVEM0RycXJYb18zR21ISDhUdElOT193cFlYWmtLdU5udDFkeVJvOENUaXZveEl1MDd2N2Fqa3MyNlA0VTZzYWRYenFKemc?hl=zh-TW&gl=TW&ceid=TW%3Azh-Hant,2025-01-14T05:07:40Z
124,31,自由時報,學界罷免「傅崐萁們」 上架60小時破2000人連署,https://news.google.com/read/CBMiakFVX3lxTE8yRU1qd2lBdVpGLUhkOE14VEhaS3lEeFBWblZPcmd6VXlTTXVnX1djRGJZUkczejlZeDlXMFdtNEZjb3ZwYnJSTHg2bDhrbmJmTzk4cHpiOElHd2JsSk1reThOcUN0Mmpld0HSAW9BVV95cUxNM2ZyT29yS0FDQ2JRZ0JCTkVkazBCZndSbm1iS2Vva0Z5OXhRUnVlRFdmc01KQWVvYkNmMWhCQ0VOUTRKRWxnWXVwWFNYOG00NkwwZjBxc3hoYkR5MkNqWEF0NWQzcmpFdVJKV1dEV0k?hl=zh-TW&gl=TW&ceid=TW%3Azh-Hant,2025-01-13T04:13:14Z
125,31,Yahoo,網流傳傅崐萁影片 自稱「幫爭取預算是頭號皇帝」｜#鏡新聞,https://news.google.com/read/CBMi7AJBVV95cUxOZ1VmVFFwc1ZlbG1fRHhDTlBiMUV3TnZVanNOYWZMWEtEMm9LWFp4Z0FsWU9DWEpMZXROMEJoM2dNdXhOMGFET3pvc2JfbXZQQ2lmOU5lRDJyYlBFVTNWYTBydmJmVWcwN0lXWnBJWDV4M1B2bkpvU052UFlJOUR2TXl4NmpaeGhWOVJRQ1dFNWlfRUdUYkd5LWpRRDgzRVJiZlA2bmRjN3lpTGpfN1d3b3FFX196a202eGtsNXVQVk90S252ZE9TTWlyem1vQUVyVGNZQVJ1LW9UOVlHX2xQUEpUMkEyb2cwVmRQYTl6M0p6d2F0ZjRudWhoaE5qemlZdGM2Z2tHNGhHYm9YcXBhV0ltZEJnU2RKUUV0Sm40Z19XWjViWU5tY19fOHRyMjdhRVVaVXlibEVTZEhTR0tpeDhIa2tKY0ZZSC1qVmwwNmRCRkJTLUNDaDk1MzFDODBaSUhUZDJuejB0ajJw?hl=zh-TW&gl=TW&ceid=TW%3Azh-Hant,2025-01-14T05:31:13Z
126,31,聯合新聞網,「台灣公民罷免傅崐萁們」連署 宣布已獲3千教師支持,https://news.google.com/read/CBMiUEFVX3lxTE83QW82bEdXMXkwVFQwMFV2UjZsRi1rZzhpcUFCUm8xWHZuTy1XWXJ2blcwa1lQaVZLU3VidnNHZnNhTUN0U01wSnJLRk9yYkVJ0gFYQVVfeXFMTWtXaGNFME5sWG5weVZwQW54Z29McjQ3bExROW9iVHFrMlA2OXNQWGZfSTZQd1Z2ZUpNb0x0Y3ZGQ3BtVmwwblFoaE5od2QtbTFPZDdOT1o1ZA?hl=zh-TW&gl=TW&ceid=TW%3Azh-Hant,2025-01-13T04:02:03Z
127,31,房產,為何3000名教師連署挺罷免？沈伯洋：藍白現在根本是紅衛兵| 政治,https://news.google.com/read/CBMiTkFVX3lxTFBaVmV5dlBJd0xEaVVzQV9LS3JSTEttT2VDWHNIcmN1cWluVHhLX1lrNTFEY09rTVBRcW5nUEhhOGpsbkI2bVZKa0pzTHRBdw?hl=zh-TW&gl=TW&ceid=TW%3Azh-Hant,2025-01-13T08:52:30Z
128,32,聯合新聞網,台鐵、捷運及客運都能用！ TPASS2.0常客優惠最高回饋30%,https://news.google.com/read/CBMiUEFVX3lxTFBqQjFBR0ZjRWgyaVB4ZE13ekdFSl9kd2hoZEFKcndDQmxiZmlDN1lGSjVtTWFNNzZQR2RDWTljaDVzVjkyMDQ3TWkxX2JITm1t0gFWQVVfeXFMUFMxWDd6eElIalEwWDd4aWNhaEp0Tmd4MFRJVFpZcVRJbVFXUUZQdURpa0pKZmlnTlpEM2djYXVDcWhLN2lONDkyTllNNl9zWm8wWkVTTXc?hl=zh-TW&gl=TW&ceid=TW%3Azh-Hant,2025-01-14T06:23:34Z
129,32,Yahoo奇摩新聞,TPASS 2.0常客優惠登錄就可用！2月起月搭11次享回饋15%,https://news.google.com/read/CBMivAJBVV95cUxONi04V3pMb19yUUl2OEUtRmo5b3dzTUpkUmZ4eWJmZ3BRc1BCbzNJZmZFaFpoSzhXSzFPRFlXcGZGWE5JNkVLMWI3WWZ0ZzJLRUk4QlV5VjlqUkxsNC05TnVSdFFTek9HeEhrZXhUWUlXVGhZTkNWX1VkSlN4Nk1SZ0dBUHF0LWZUTXlsV21mM1psbW0zMFFRTjlVYkM5UXQtcWdBaWZMVmZrSHo0aWYxT0dQSDk2czN2NWtzT3pvb182YWtDV2ZqVFBqUnVROHFKX3RDbmdLZlNKTUltWHFyOFNEUW5DbzJ4R2J2dnNpdkZpWFRJV01ROXRPUURRWGpJNHZ2VUhrU1ZPRkFJM1dQZjNCYm5Ka01CSE9aMDB1dEFJeXFCV1lkX2NDVVU1am9wbjR3NzNEeDdQbUJt?hl=zh-TW&gl=TW&ceid=TW%3Azh-Hant,2025-01-14T07:41:01Z
130,32,中央社即時新聞,TPASS 2.0常客優惠2月上路 每月搭11次以上最高回饋40%,https://news.google.com/read/CBMiX0FVX3lxTFA3QzJ0cFEyU3J5YTFBU2d5eTM4a1A3QVJsSU90NEhxYWFuQlVLT1U0aHRHeWRmUm1jMmZSUW5tMGNWUmhzVGU4RkVoSTlvNkR1bzRuVFNUSDdCWmpudEZJ?hl=zh-TW&gl=TW&ceid=TW%3Azh-Hant,2025-01-14T07:39:00Z
131,32,LINE TODAY Taiwan,一卡在手，全台通用！ 交部推出TPASS2.0常客優惠 | 中央廣播電臺 | LINE TODAY,https://news.google.com/read/CBMiVkFVX3lxTE0xb3c4YlNhbjVWYXpRV2ZLVEljQTI0d25JRER1RFV4Z01NMGphd19PbjFRSGVjQjJnTzVfbEx2a0U2N3lDLW5SWnF1ZFVqS2UzbnJwMG1B0gFbQVVfeXFMTTRpa1NnU2MySl9TbldiTGZxenA1cG5WMU5FLWNWdjBfaXo4VVJtYktUbk03alN6X3F2UHlGWUNQQjVaallMZl9UcS10MUJmaHdWRnhuQnZQM3F6dw?hl=zh-TW&gl=TW&ceid=TW%3Azh-Hant,2025-01-14T10:14:59Z
132,33,中時新聞網,台中成罷免藍委主戰場！ 港媒曝背後2原因,https://news.google.com/read/CBMibkFVX3lxTFBJM3p2aldpd3o0RUZwNkw5QjVNaXNGSzBqYXd5ZlE3U3d5RWNNVWkxNXZ3TS04MGM1aXQ3cUpqbTBxVTh2ejlFaTJYQzhna185VzNpN3FMQnE0aWV0LWZ4NVItN2pkTmZibFpQLVBR?hl=zh-TW&gl=TW&ceid=TW%3Azh-Hant,2025-01-14T00:05:55Z
133,33,Yahoo奇摩新聞,台中罷免藍委風潮來襲 盧秀燕這樣回應了,https://news.google.com/read/CBMirAJBVV95cUxPbVpVa180aHo5TWhESS1oU3lWd0V6Z2pjcU4yajZsclhBdzhGX0VXekJHUXhqd2hQWGRwWDN4dVhPUmk3WGZxVHVNbnprb18xRHJ3dk5KVVlMZGc0aTZPdl8wVXExU2hTb0luMTdlVDNacU9HN1diQXFaVlAzTnZwTWIzRDlaYzNKS0RrRHJVZFVTMEk4ZURkSzQzeHJkaS14Z2FyeVRjaTMwejVBcTNBamdhbmJ5cnRqQnlRQ0xLWGFvVjNYbVpWbkgtSHp3dWZFY3V6S3NycnphZmctbEhrRFNwV0RIVjZ3OUJOMU9FWFVUZlJpcVY4cjVYUjNoNWFpTjk2MWFHWDhlbjNwY1BCQVRIdGxYUTVwQ2JSQnJfQmY5YllhN2VOSDZmbjg?hl=zh-TW&gl=TW&ceid=TW%3Azh-Hant,2025-01-13T07:13:31Z
134,33,中央社即時新聞,面對罷免浪潮黃健豪廖偉翔同聲不影響問政進度節奏| 地方,https://news.google.com/read/CBMiX0FVX3lxTFB1S19IN04yb2ZaM2ZBSWxON0JTZlhnU3JDZ1Q2UlVEaGxXZFExZWpmQjQ1Z0I0SjBZaW5WUFJOSmtyUmJKRl90X0k4Q0FHdE9hUkM0ZzhvcERHektpbURZ?hl=zh-TW&gl=TW&ceid=TW%3Azh-Hant,2025-01-13T06:26:00Z
135,33,聯合新聞網,被罷免又被批舔共 立委黃健豪、廖偉翔：該過的法案就要過,https://news.google.com/read/CBMiUEFVX3lxTE9QRFZOczBPTi1UQVlqcElKX2hEX1NrMnVQeXZNRjZvTGh1UEhhTGpFWlR6OGZWOU9jbWZCWmRIUkV4eTh2U2tSeGxtV3NEZ3hP0gFWQVVfeXFMTVRudU5aVDRWdElyY29WdjF2TEFYUVUyWE1tWWhxOS02SXIyQjFwb2M4VmVOOWJlZDVUYmF6cVJ0MlZ2dzFoMHk5SE5CSVRDRzAzcWlETUE?hl=zh-TW&gl=TW&ceid=TW%3Azh-Hant,2025-01-13T03:41:04Z
136,34,菱傳媒,遭韓國瑜笑虧「我會參加你的告別式」 柯建銘回嗆：罷免會幫你超渡,https://news.google.com/read/CBMiUkFVX3lxTFBHUlFjUlE0dlA0bkdTWVFCMkptcWR4VS0wclBmajZqNmJFc2xmM1J6UC1iTUNXUTF1OTlHRWd4ZHV2X3ZKZEpWUVNhYk5zZ2REcHc?hl=zh-TW&gl=TW&ceid=TW%3Azh-Hant,2025-01-13T09:31:00Z
137,34,Yahoo奇摩新聞,柯建銘又輸了！再度突襲提案「罷免韓國瑜」 藍營一招秒殺,https://news.google.com/read/CBMi4AJBVV95cUxOeWFSWW03YUtHWDk3Zk9LUHZsNEVQUm1pWWVEYktqR18tdHJtOTR5aHVvVmtKZS1tTlpySUd3YUZSRlozQ01BTWxjWUZjZjFma0RQVmZXZ25uc3M2bjhWeHBfeGwwX2ZkdDgyb0JwQUhoRDU2SDZvdUNJS3lidXFoMDBKUWdfZ284VEl2Ujl3VnNKdzRIYTJISExtY0xsMENkQkJkdXY1Z0dmdmpWQXJJTGxxYmhxV0RCLVZXSS1rLUtMQmZiWnlyTmxFQVJIWENyckVBUGFpRHotekd0TDh3cV9fWnlfODhNREt0VHFITkttVTd4VWY1RTVTek84ZnpxX01yQ20wRFZSZkhCVUhoY3B2VlA3blNzOGg4a09ZQUJGTFV3UGQtNEhFNmRyUmJ4M1VHOVRmei1LY0ZCQjd4RE5YWHdnTXlMMjF1ZXFyUzBpV253SXZSR2Qza1A1ZzFl?hl=zh-TW&gl=TW&ceid=TW%3Azh-Hant,2025-01-14T06:54:16Z
138,34,TVBS,酸韓國瑜史上「全球首例雙罷」 柯建銘：市長被罷、院長也快了,https://news.google.com/read/CBMiU0FVX3lxTFBuLTRQR2ZjaVpENDBLRWY5dGx5Sy1SZVNPcElmWk16WXRRRkJXeE1NQlBBOWlwOGpLTGoxc3lLbmItYXctenliZHpCZUNYaWFUSWdj?hl=zh-TW&gl=TW&ceid=TW%3Azh-Hant,2025-01-14T09:40:00Z
139,34,聯合新聞網,民進黨又提案罷韓國瑜 賴士葆：朝野化解分歧天方夜譚,https://news.google.com/read/CBMiU0FVX3lxTE5lbnNBWDZaNExpNkNqRzROS1NLZnctVWtpZExSak1UeUgxVEZPeGFXWkRKOVRpckdlQ1FBWkZGendzX0RpOThZUTJOUUd5dlZWMkRv0gFYQVVfeXFMTTI5UlllTFYwUkVYTDYtek5BQms4WjJmMGMzWHJvNTRKMWRxdWdKTUJjemdWdEkzRzlnNnczb3doeENsU0FnZzc5OVZENVNtdFA3N0pHNk5VRQ?hl=zh-TW&gl=TW&ceid=TW%3Azh-Hant,2025-01-14T10:13:29Z
140,35,Newtalk新聞,｢橘子如果只是證人何須潛逃｣ 黃帝穎點出柯文哲抗告理由2大荒謬點| 社會,https://news.google.com/read/CBMiWkFVX3lxTE1lcVFQcHNna0lqTldkOTQzZVp1VWd1ckdjWVJzaTRKY0VzSWFQSGMzNG9qZl8xUmpmbjIyRnptT0pVMGh4VnZDeVh2amhWV1RtRkpKNEh2YUZxQQ?hl=zh-TW&gl=TW&ceid=TW%3Azh-Hant,2025-01-13T00:16:53Z
141,35,Yahoo奇摩新聞,柯P抗告失敗年關很難過！沈富雄見1情況氣炸,https://news.google.com/read/CBMirwJBVV95cUxPTHMxVmFLajRYOUVqM0l2a096M2F3OVNzVmVLSVJOM1ZwYk9mNWU3NVdFNmVzV3FlcXVuaXRUdDlCc0pvWV9HcFNMU0kyU2swQWxRcl9XSUlUUmJXcDlJaFlMc3FkODkwdzNFRTRuLUtsMWJlOTBlRGViTngyNkZaTzRETGkzMTBaNkNjWFBuUWRxc3hlQ1o1ZDRicWhUQzQtLU5jUlFWN183SGp5OF9GcmViak1fUTF6OHU5NjRKRjJ4RkF0WHFfVUNLTTNEWnM0STFhR0tpUHFLSVpVSExvSFctNm9hVm04Tk5maU1JNlhaMzdDNjZHNkV5MHJZZm9sMEdjTG9RdUlLdFppVm4zVHVSajBOSGQ2enpVQ280a25qXzhfS2ZpMWhfOURJNTA?hl=zh-TW&gl=TW&ceid=TW%3Azh-Hant,2025-01-14T11:05:00Z
142,35,聯合新聞網,柯文哲不認罪年後開庭 彭振聲、邵琇珮認了圖利京華城先審問,https://news.google.com/read/CBMiU0FVX3lxTE9SYzcyNFdtbzVCUHZBekFQNmR6MzgwZDVWNEMwN1lha3NUbUN2U05yc19lRC1PVlprOHlScENxbGZXY3pmTUtnYjd6NThhMDhfVmFj0gFYQVVfeXFMTTFMMGNMNU1GUDRtcjd3VnpadWo5YjlKQ2RPN1hsTm01d1BrQUd6YVhlam96UjhpdGd5bkdjaGdDWTJxaEtxbHVzbHZxZW5sMXN3TFZYVkR1TQ?hl=zh-TW&gl=TW&ceid=TW%3Azh-Hant,2025-01-13T04:00:49Z
143,35,公視新聞,柯文哲等4人不服羈押抗告 高院裁定駁回 ｜ 公視新聞網 PNN,https://news.google.com/read/CBMiT0FVX3lxTFBCYXkxY0l1LV9BQjd0MnQ0bjRYeEJVbmJNUnNzVXpSRlJpYVp0bjRHWFJmQ1p4Q3JuaHFINmlfSkJuSFJxa0JFVkhwYTZ0cUHSAVRBVV95cUxPTEwyc3V3a2NWdGNNaE9LZ3hTLTlmTGVYQnBuaU1yLUE3bUJlQWpScWxXbjRzT2k3WnRudWQ2WERFMmRTb1pSSGxoQzhRMVpDWk1iUU0?hl=zh-TW&gl=TW&ceid=TW%3Azh-Hant,2025-01-12T00:21:00Z
144,36,NOWnews 今日新聞,「16界」綠委響應柯建銘罷免全都列！粉專嘲諷：國民黨顫抖吧,https://news.google.com/read/CBMiTEFVX3lxTFBRX1lnd290R3J0cmJ0b2lMbzljWm8zN1h2RWFCNllSUEJTVlNYc2Q1c3M4WWxuaGlVWDBtRzYydTRXdTFKX0lUUEcxLTPSAVJBVV95cUxPR1BiUVF3MDVzSXlrTS1QYjZJNUtVSHEzc2pNQi1oMFR5RGpOVTlCOEoyX0ZBN2l3S0VudjA5Ql9vNFNXWW92SnhPOHY3Rld6dXJR?hl=zh-TW&gl=TW&ceid=TW%3Azh-Hant,2025-01-13T08:58:39Z
145,36,Yahoo奇摩新聞,柯建銘又提案罷免韓國瑜 再度慘遭藍白封殺,https://news.google.com/read/CBMiuAJBVV95cUxQOHZrQWhLQUpBRjZNRXZ5MG56MlA1QzZuRzlVUVNWVmdlNXUyWGJFaVJ2eGhJTURhNldGS1ViSGg1UFlySXZyQXA1bWFsbW9YVGE2SzhVR0hTS01xQVdmNFNfUHcxNEtVTkcxR2tyeTlKb0ZQRFlpMGVJNVBHU01mcEl6NWRaZ3dvWUpCbHRuQXd5VWhyLXdQTXl1YWJ6MHhiVDRmQm0tZU5kTVo1X2xsYkx6SFR0UEtWUzk0alZwVEVYN1VicEZ4d3RiVW5uUlhEZHlVeDhBVTZwYzNSMXpkOElCS3VkNUNRMTF0clE2eDZRbm9SWXpaLWx2dG1xWEVwd05QcUFhUVpCcWZ4WEhSdnpNWnZ6UTZpeWU0UUxHbTUzWlRCcnR0d0NzVlNVY2F2SzA2MnE4V1k?hl=zh-TW&gl=TW&ceid=TW%3Azh-Hant,2025-01-14T05:17:57Z
146,36,聯合新聞網,許智傑稱仇恨值高應罷免 徐巧芯：因在第一線監督民進黨,https://news.google.com/read/CBMiUEFVX3lxTE94ZWtuMm02ZjdmTHd6QVhKYmh1cDlQR1hBOUd2dmhMZHhvNS1rU2VRdXFyRDNWUVJWVFlIcmlzTTE5RXNqWEJ0Zm5tQ3p2Vmti0gFWQVVfeXFMTTlmd2RHekJpZEJBczBqZFgwMXIwMFowTzNjd01xVjVkbmNnUUJuaWphZ1JwMkE5cEQ3eWt6RTY4ZlJpMm1WZU5fQkFQckJDVk1ncGxaQmc?hl=zh-TW&gl=TW&ceid=TW%3Azh-Hant,2025-01-14T07:07:27Z
147,36,TVBS,大罷免時代來了？藍擺攤連署 綠委反曝3策略「鎖定9藍委」,https://news.google.com/read/CBMiU0FVX3lxTFBRMWtOdEhjS0J0cXJjSkd1LUluOGdUVzM2TVlqVUFZaHREenJYb09fR3ZvNmFNZTYwVVJmV1BySkR6bkRKTG1Tdi1aODVqb2VRTDU4?hl=zh-TW&gl=TW&ceid=TW%3Azh-Hant,2025-01-14T02:53:00Z
148,37,Yahoo奇摩新聞,扯！1天五人擅闖阿里山林鐵 男遊客竟喊：先看罰多少,https://news.google.com/read/CBMi1AJBVV95cUxORnpIMkotVC1lSFNLZHRQaThLZWtJVmw4cmNleVQtVXpiU19iQXNBdXMtSUVQYjRoMzg5LTJFMWJ6cjVvTkptSTlyX1ROYmdfSElRS3QyNTRuSWhRbHNFN09WYVpuNm9wLThDYmVBdUhqLXNHNGUwd3pZSl9OeDNianY0NTVOQ3JHS3gxQ2QxX2NhV1JGaUFNSkdqTEZHc2k3NTFyVG5QRlp4NjR6VUU1V0lBbnFCZXNtaExNdWwxQ3RRaHNtQkpuTFRWa2FIRm5XVGtrakRkQkoyRGhmeVZ1SWpEY3gyTlYxYWJGOEhxSTlsbnhjOUdDaDk3QUVZc0dxOFdMdklJS2VyZFNJODlGd2JvYjR1aEUxczVtOGMteWZFWl9MNjZTeGtfTlVjcUROVG1JRi1yWk5fa19peUlWNXBpRWs4VlVSM0NYWGh6MGZ5MG1q?hl=zh-TW&gl=TW&ceid=TW%3Azh-Hant,2025-01-13T13:05:36Z
149,37,Yahoo奇摩新聞,五名遊客走阿里山鐵路沿線鐵軌 每人罰鍰至少1萬元,https://news.google.com/read/CBMi3gJBVV95cUxNdjhHVkFoRzlRQzF3OVZCOTVMMzEzWDNzb3Q2QS05ZU1faXJyd3BQeld1VUU1Q0ROQlFSOFZPTFF0WDAwbTNFZ0JRVFMzdXVlamk3OVdHTG91VEozUXlpWkxTVU1YbzlvSlNJSVVaZnBtNEt6d2lFdDFUNUpIVnlFSTVhQkUwZnh6NU95ZEZFbE9Pbkcyc3dnRU5adFBvYlZXVXNFcnZ6cjNBSmw2eGFfR1JiaGpsY2VVZGpfR3g3MU1sN04zXzloZFZGMTRBUTlCSk41QjRaRkc4R2hLeUJFa1Fpc3RSYXYtZDlxNnhMSE1ESjBudFh3dnZrcEluY1JRX1pRVkRpVHIxcGpKY1JuRkFGMnV1Z2luZE1hekJkWm5wTXppb1p0WUVnbnU1UWcwX09UZHVqZkJKb0ZzT1F4VUxETUJ6bFB5Wld3YlBCdHR3TnBSV01Rc0F3b1ZBdw?hl=zh-TW&gl=TW&ceid=TW%3Azh-Hant,2025-01-13T08:13:24Z
150,37,公視新聞,5遊客違規闖阿里山林鐵軌道 每人最高可處5萬元罰鍰 ｜ 公視新聞網 PNN,https://news.google.com/read/CBMiT0FVX3lxTE9DRUtxMlhOLTJyR0N2T3o4V3dMQUFSX3Q0eVdwRkZFYm1Bc3M0ak9mNDBzRTJJYmRKWEFZcFdwaE55OW9qZG9vN2R3TV9Gam_SAVRBVV95cUxNbzkxNVM5TU10dDcyVVZBenlnTnRqai1tSEFoN3Y2endBbTRfTVl0QTNHOVpKSmhOR2g3TEJKR0dEVGJNNEs0SFh0ZXJQRWp1N0ZFOVU?hl=zh-TW&gl=TW&ceid=TW%3Azh-Hant,2025-01-13T12:27:00Z
151,37,中華新聞雲,貪圖方便危險又失荷包 行走阿里山鐵路依法裁罰,https://news.google.com/read/CBMiUkFVX3lxTE1LSnRITVNaZUwyZDI1MWdiVWFIREdSay01cWhuUktSQ3BHd0NGemxacVlWano1RFVWMlZ5UWR3VVBJRjhaX29USTBFZlBlZmpodFE?hl=zh-TW&gl=TW&ceid=TW%3Azh-Hant,2025-01-13T13:59:01Z
152,38,祝你健康,未成年可做變性手術！衛福部推「LGBT+照護指引」掀熱議,https://news.google.com/read/CBMiTEFVX3lxTE5TY0dpOHhqN1dRem9ULXhoM0I3N0VMM2xjRnJpQVFlY2FxUTdldWthWFV5UDNkaUJFa3lyMWN1enZmaFpyR21lblhONmk?hl=zh-TW&gl=TW&ceid=TW%3Azh-Hant,2025-01-13T04:07:30Z
153,38,ETtoday健康雲,衛福部推「LGBT+照護指引」 未成年可做變性手術,https://news.google.com/read/CBMiUEFVX3lxTFA1SG8tZEFJdDVpdmotZFc2SzJHcW1pbi1sc0Nsb2xVOXk2QTZfRENaNk1QalcxZ2FsSHRGbFowOUxxX2JxLXpnLTZXVHBubkVh0gFsQVVfeXFMUHQzZ29oUEVad0NSZWhlOVRObm9uQ0hXaWhTNlVzODY2T1o3YXZ3MXNPclJuNHhEUUdkOXFRRjlLdWJHazNGN0JWMXFDUGd4bExDemJHNVp1VTlJZ2JBa2RmNnU5dzRYQ2IwaEtU?hl=zh-TW&gl=TW&ceid=TW%3Azh-Hant,2025-01-13T03:07:00Z
154,38,中央社即時新聞,性多樣醫療照護內容引討論衛福部：意在更嚴格把關未成年手術| 生活,https://news.google.com/read/CBMiX0FVX3lxTE5rYzFTeC1BTjZwdVpOclFQZE4yMHVWM2FKVjdQQV9RQW5KTVVGTEpySU5TUkwxUkhwbm9sNjZObEpCejRodlhGQWpBblJwUUgycGlJNG5kYTRlQlM0Ym5F?hl=zh-TW&gl=TW&ceid=TW%3Azh-Hant,2025-01-13T10:07:00Z
155,38,公視新聞,台灣有條件開放未成年性別手術引議 歐美各國年齡限制為何？有其他治療方式嗎？ ｜ 公視新聞網 PNN,https://news.google.com/read/CBMiT0FVX3lxTFBVTUVWSndVVnZVTGhZX2k1SEZhT2tTRVZuZmlTdGUtOHdBdUdJdFE3SlZ2ai1xblE1YkZEc3dfYlN0dnhHRTNvMmFybTNwVXPSAVRBVV95cUxQbXdsQ2thZjRyVjd3WFpQV3d5b1otUEN5c3ZSWHJLQU53eklFVVM0enNhelZ0enJjNWVqdm1XZ2JQZDdrbGNjSXpmN1NPaTAtckFrd0c?hl=zh-TW&gl=TW&ceid=TW%3Azh-Hant,2025-01-13T09:47:00Z
156,39,聯合新聞網,桃園罷免藍委連署遇鬧場PO網 派出所長回應惹議...桃警回應,https://news.google.com/read/CBMiUEFVX3lxTFBIVkJMTS1ONS1vY0Y5bU9pZlFuNDU4R2xaVGhrbjVvMEJmOHNmX0dJV0ljR0RxQV9Wak9CbFVZc29NXy1McXRiVlR5QXQ2WEo10gFWQVVfeXFMT2F2UTdvQXhnT1hpV3VhVmxhSmFzdThtalNrWGxzWGtiYWsza1U1dnNETmlFdU1HUTFsOEt0djI4bXVfazNZV2Nhd0ZxT2dTWTM2Z3cxVUE?hl=zh-TW&gl=TW&ceid=TW%3Azh-Hant,2025-01-13T05:03:47Z
157,39,Yahoo奇摩新聞,罷免涂權吉遭鬧場！罷團發文卻被警「說教」 黃瓊慧：好大的官威,https://news.google.com/read/CBMihANBVV95cUxPR1NheXJNMThnbkxHWU01clBTWTlYYWFTdUVkaHBJWi1rXzhqR2FEWmF1Y3JLeFI0dVlmdzlkNGpMTXBxeVZzZlAxYU1YbmtXZGUyUjA5VllqVVVlM09sYVFYNFAtcTY4Wk5Pa25pVHBzNVlteGhqem1tNFdnZmpqeXZoOGx1RTlUNVRZODBodFdaM2JHVGJ1aUZaQnp1RHB3RnVWMkxQX0E5Uk9QQnVvMEdWRzVVZ2pMQ0hFaldpZHQzQjZKbEFpM3gxQjVuTjVOVmVGMkhMMF9XbkxXeXNWMG9hSnhPLXItOW9tVkxfMVpjT0ZEZlJSa29WZjVFelF5b19EaG1QRW1YdVJQUWJaRExKQXN6M1pQYW1Rd1dscURTNnhwa3RkV1Nqclk4amlfY3BoaVJTMGdySmszVHdwaHY3d1pPS2llYWN2QUtoQlMyRTRzbDRwcGNkMmVMdGM0Uy1NOU00SmRmVFRBYmJ6NHpRSkZQQ1NPT0x4b0FFTmhkSjRT?hl=zh-TW&gl=TW&ceid=TW%3Azh-Hant,2025-01-13T03:46:30Z
158,39,中央社即時新聞,罷免連署受擾發文遭警指責楊梅分局允加強教育| 地方,https://news.google.com/read/CBMiX0FVX3lxTE5wOGhGOThrZW1maDdsOHczMGpMS1NqSGNpdjNmMWQ0Nzg1WkNSSjhRSU5wRmhxZUxoTXVVOC1uUV9HMzZqazVLWXR1QmhmZG5oYzJwQkx3a3NCa1RfV25V?hl=zh-TW&gl=TW&ceid=TW%3Azh-Hant,2025-01-13T05:36:00Z
159,39,TVBS,不滿罷免連署涂權吉 男鬧事錄影、飆髒話,https://news.google.com/read/CBMiU0FVX3lxTE1rcnlDQUxhVW51ZlV1dFhnS3Jhdl9xeU05OWhHZmx4RHJZZmd5Tm40S08zREFvLWJ0SlpQZHFUN3IzNFBGV3haLUV5QWRPb2ppakZV?hl=zh-TW&gl=TW&ceid=TW%3Azh-Hant,2025-01-13T10:33:00Z
160,40,Newtalk新聞,謝長廷自曝無月退、月領國民年金685元籲不該忘記這群人| 政治,https://news.google.com/read/CBMiWkFVX3lxTE1VUnVPOWtfVElkVnpGd0FkQjBreFBFXzVkQ2hwbWxhWS1ocFJvdFNJYjEyZEdDN2ZBaXVsSnZYRXY3MWdJdE1FNGdsTEx4akhUNUEweGtYcTlkUQ?hl=zh-TW&gl=TW&ceid=TW%3Azh-Hant,2025-01-13T12:11:55Z
161,40,聯合新聞網,自爆沒月退、拒18% 謝長廷籲莫忘世上苦人多,https://news.google.com/read/CBMiUEFVX3lxTE1ma1l5MVZ0SVh1eVpjY0oyTF9Cb29sdFp3UUM0VDEwVWw0dDdaQ3VaaXdJQ2tMYnFvbWVJdkFmTE9kY1IwYUp1LXRwNmpnRE5X0gFWQVVfeXFMUDRSMEdKWVI5bzFnbmNqZ21hejBGZTB2Mjh1TFROei1vSXZuZVVUZHlScDJWb1RpSHBQejVscXVURnFkeUlhOElMTjFZZ2dqX2RnckRJU2c?hl=zh-TW&gl=TW&ceid=TW%3Azh-Hant,2025-01-13T11:31:28Z
162,40,Yahoo奇摩新聞,退休金領多少？謝長廷親自解答：沒月退也沒18%,https://news.google.com/read/CBMisAJBVV95cUxNc2JyQjdEZzg0X0kydWVnUmpwX1VvZU55ZkFoMjkxbnh4UjJwNF9MS2hteEMzeDE2ZXhJa1FmSng0MG0yVW40TmxkRGk1ODhHQzZ0OGVPMUJ2YWJCZkNiTnl1RVdfb21FTUNEREVZMTNTbjJuTXAzV3R3Q2Q3aktQMGhSeHVMbkhyQ0tqTDFPV3N2bHdyY0R3WkNDLXJVeE1yVkJzTzJLS2ZEbzlCaTNzM0xqb25JQ0RtRVN1R2tBWDlweTZQMzZSeDcwNFlRS0dYZ0ZVbUFuUl9jOGdLcGVLSGdJNmdtcjZyMDFLbktCQTRiY00wY2JSY0pMeWNGem9lblZaZXlrcENhdzM2dGk2d3hWTG9GNkgydWN1cmRxRkRhZTVnV3pua1l4ZlF6RjI1?hl=zh-TW&gl=TW&ceid=TW%3Azh-Hant,2025-01-13T13:50:17Z
163,40,MSN,從行政院長到駐日代表 謝長廷親自解答自己的退休金,https://news.google.com/read/CBMi9wJBVV95cUxNZnJXeFVmRDNqZlJqREhfNk9sc1BfN0dMQlZTc2RVdkNWUk5nOEQ1MnZUeGpJc2tobEp3d2c0N2VDaDExUDVvdERxUVBfcWpHbW53MjRUSmotNGRYanJ1TWpRRENNcER0cDcxd3VCS1VPQzJRTkR0a0pPeEdxZXhid3BCRk9rSDdhOUJiNUUxOEZPZ2Z6a3VUZkEwbzdHVHhfc0dzM3hhNU1pZDF5SS0zUzNVMmdlZ0NrWTBod0xhcDYyV3BQRmhNUjFuZUdpWlRuaXY5bHJhaENoRUNkZThYVElXdDBWNTY4N2NhZUk0TnJTNFNHcHpDSFVlU2FwRk9tRkk2cC1yczl6SkNCazhjdGQ0b0N0SEZCVlJIRjB2RGx5TGZyS3R5a3VfbTZ1R3c2YV9HdlRwQk5WZmpTaTdLNkNyVGhkbGo0RWVKczFycFJxNExrY0dELXFQWENEQWVzYVFGVGhqTlU5RmJ5S2JOZjh1TUVvRXM?hl=zh-TW&gl=TW&ceid=TW%3Azh-Hant,2025-01-13T13:30:47Z
164,41,ETtoday新聞雲,「請救我出來！」 新莊水泥封屍靈異內幕,https://news.google.com/read/CBMiXkFVX3lxTE9oTUI5REE4bU1oNTVYWkVDZm5nNVpoZVI0WmEzbkhzRkpMM1ZDUXpuWldfSTd3a0dlOUJsMTlKZ1BwLXY1cVRKYjF2SnFhNUdJV2JRRjZ1bjdWLTNxaGfSAWhBVV95cUxQVzJxRWY4WFItNnF3M0o0TmlFNHJtZms1UlptSHJTWjRzVXJzT01Dek9pLWk1TGlRMVNScVpoT3p0cG1XQ015YTZSQkozbWtULVBxQUJJZzhNTVMtZEQxQlAybUJaMV9icA?hl=zh-TW&gl=TW&ceid=TW%3Azh-Hant,2025-01-12T22:22:00Z
165,41,LINE TODAY Taiwan,新莊狠心嫂殘殺小姑「水泥塚封屍」！凶宅半價出售…現狀曝光 | TVBS | LINE TODAY,https://news.google.com/read/CBMiVkFVX3lxTE1Kc3d0Uk1yYzRYSS1ITE5fNzhuVjhGdWJkN3JSMlhGMnNMX0RaS0c5UDl1UWFkblpBQ0ZhSXluQ0xNcHYtQkUyN2Q4aWN1bWxpZTJoWi1n0gFbQVVfeXFMUFFkMzVodTlhVGhwaExjbkFXU0w4U3RYQjZpRkg3Nm1lZFdPQzcxLUowb1RfdDJwal8wUFlPa1JmNDRNQ2hMaTJRTkh0RlhmZ1ZPbnI4VU10M3lDYw?hl=zh-TW&gl=TW&ceid=TW%3Azh-Hant,2025-01-13T15:33:39Z
166,41,MSN,鬧區水泥造塚藏屍！新莊封屍凶宅半價賣鄰居住7 年無異狀,https://news.google.com/read/CBMiuwNBVV95cUxPOFY4elJMejJWZE9ZWjVYQ3V1YW9kcDlsWVZWcTFRbHlfcm1kRTRNMlRXMHppb09xWjlYOVNxZ0hEWDdWQTVrR0s3WndyT012NmFnWEQ4OWNvSTU1Xzg4M244NUVqVW5PYzRWa3dsUlBDSWFPX0xmaUY0akRsd1JjTmVwQkRWU3dSTklQc2JfcDAtMVhfaUFtcmlYWkk4SFRWcXBtME1QTHNGX3poTFhDMXRIeEFEMHBHVDZYMmZ6am9uc0ExWXNnc1VpRzVQVEc1cGpNZ29ic0NwNlMtWGJIXzdSS3lvdlc2b3g3clJISDdfYWJpQkxKZkZGR3huWXRxeTMyUnlYQkhkcmpIM2pkQ1ROb0ZnbWY4SDQzNW1JMG82bzBPT1RmcV9ZM1FucDJhcUxISzI2NE50SjVBajNRb1g2OWhCQXZ5X2VndzhFMHlMNHBtWEVkTVdnRGxBWm9ycEFteG80cFdaam8tTDJ5SzRYMDlhUEFXc2NEUDA2T3V3bnpKR1hiVVIwY19zQ3pIRUtEbUZXOWRQbVlmZGd3Vm55a2pXby14UmZYSUs2RHE4WU16WHViSFV1UQ?hl=zh-TW&gl=TW&ceid=TW%3Azh-Hant,2025-01-13T05:55:55Z
167,41,FTNN新聞網,新莊水泥封屍案凶宅「1坪15萬」賣出！現況曝光...房價翻倍漲,https://news.google.com/read/CBMiS0FVX3lxTE5vbXJSLXJkUE83dlJwbXN3RTdVUEloRXZ0cjdvLXdvZ080RlNfVHRZNTRHOEJJODRPZjVRSkRmcWhsT2hUdHRZUzA1WQ?hl=zh-TW&gl=TW&ceid=TW%3Azh-Hant,2025-01-13T08:01:00Z
168,42,中央社即時新聞,日籍客後壁湖潛水死亡教練判賠2073萬元| 社會,https://news.google.com/read/CBMiX0FVX3lxTE8tTXpCWHQzVm5JS0NmYUVaOGp4Z2V2aXgyNFVNT05qS1RJeDBuWWRoNFlZS0p2RkRvclhhRmpYREtZWkMtbGl5dUNpR1NyYUMwcUFXeU53T3pRdElBSzdr?hl=zh-TW&gl=TW&ceid=TW%3Azh-Hant,2025-01-13T04:54:00Z
169,42,Yahoo奇摩新聞,日籍客屏東後壁湖潛水溺斃 教練判賠2073萬元破紀錄,https://news.google.com/read/CBMi1gJBVV95cUxObEE4UnMza3lrcklaZ1N2Rlc2VkVoTUR3WWJKdGs3SXR5eGVlMGlfRl9jVTFSVUd1TzJPeVlwdDBwb28taURCSUk2djUwZzVJSnlRZm85RWRlNVlkSzJIVEJVaXZhZzlXYTdmZXhpdFQzZjlJcFdJZ01aRk9BRF9aWWNiaDl0STRBWE9kbVNZMGlPUmxZWXdDVHlLYnZtLXRUT3VDd0htclV2WE1DeWFQZWpqVkE1aUttZ01aQ29CVDN5NXBkV0lZakJBNnFHSlQ3dWVMNl9MVFlVcXY1cWpCVTJfTjA4bno4cmhkbUR1aERVLWFpSk1JUVB2VFU0NVNRaXNLXzlwM3pKc3pDcWNQekQzUlVYQ1l3WERPTkVyZS1VSUhaQy1WUVl4QkdzTEMzUEVoMnZrMjdOOXBYc19wSmFZN1pnLW5lZkZIVXZhbGhJMWpPb1E?hl=zh-TW&gl=TW&ceid=TW%3Azh-Hant,2025-01-13T05:12:58Z
170,42,公視新聞,日籍遊客墾丁潛水溺水亡 教練判賠2070萬創紀錄 ｜ 公視新聞網 PNN,https://news.google.com/read/CBMiT0FVX3lxTE5fSVQtRTlMeG9JZ0M0LXNaQmJnakdQTm5tZ2w5VWVqUHZneGZkbkZndmtDZUFjaDNWNDYwcUlmTG1FaW00SjRQaDRSN1ZydGPSAVRBVV95cUxQcm5XUlNzQnlfeHBpZTZ2bVRDQWZTYjFNYjNZbUZIYktPMFVRaUV0U1pXdnhxeWVsRmlyWEtGaHpoeXg0SE4zNVFqU3djRDNpNzNwMjQ?hl=zh-TW&gl=TW&ceid=TW%3Azh-Hant,2025-01-13T05:00:00Z
171,42,聯合新聞網,日籍客後壁湖潛水亡家屬求償 法院判教練賠2千多萬元,https://news.google.com/read/CBMiUEFVX3lxTE9WT1JYeTdUMERpeXpfbWYwelRvOEk1N3JZUWpHb2lKT1lTR0Qxc1NVSThWSDVFSkcxVkFtWFg5QXlFcGpwMXF5T0lTQV9Qekh10gFWQVVfeXFMT3lmNmUxckVFQkdUWmJaRzB4WGFVVVEtZEk3dVFUczRDOGl1ZFdpQi1Qc1dPR3E5VzNfb0JnSDNULTNrek9RT09TWGtMWTdNOHJHZnNENlE?hl=zh-TW&gl=TW&ceid=TW%3Azh-Hant,2025-01-12T23:49:09Z
172,43,聯合新聞網,國1南下中壢段7車連環追撞 大小貨車轎車撞一團2傷,https://news.google.com/read/CBMiUEFVX3lxTE0xWDBfN05LcEwyeDRLTjhPUzlYMnlibmNWSVcwUjZ4UmZkNWh3dnhxTFdDZGdtRzZ0Q1N5Yk5JMDRmSWsxaFJUWDViTHU0X0g40gFWQVVfeXFMTVZ4ODVOd0taLXlKNU5ocG8zbnk0R29ILXVxVFNtYnVnOXhYSXMwZkNiWWVCZ0NwWVVKQlFVbl9oMlNldTIteVowU1l1RFNWN2pXeXlFRlE?hl=zh-TW&gl=TW&ceid=TW%3Azh-Hant,2025-01-13T15:26:35Z
173,43,聯合新聞網,中壢往觀音方向爆5車連環追撞 轎車計程車撞到疊羅漢,https://news.google.com/read/CBMiUEFVX3lxTE5vc0ZiM1VfOFdZUTNDcEdXaWlQRWlNbFZjNUhCcE9JYjNFczZvVHpTc1k0SjF4SmpxcmVBbVhjTnZrQ0RlbE9FVDVhR3o4N19G0gFWQVVfeXFMT3Q1eTVJY2tPQ2FjZUNLRmRudnVOTUhsZDVLVjlJdmltdm4wWlpRWDEyLXozRU1rVy1CX1l3RDJRTDJxdGdPWTMwYWhFUTV1MFg3VDhqWVE?hl=zh-TW&gl=TW&ceid=TW%3Azh-Hant,2025-01-13T01:56:30Z
174,43,Yahoo奇摩新聞,國道連環撞！國1中壢段7車追撞 回堵6公里時速剩13,https://news.google.com/read/CBMiwAJBVV95cUxOZkpqSjN4Ul8tWGRZNkI3TENlZEhEYTZlV1BRXzRka2JSRHJpU1ItLUxOTWg2cVY0dFZLQk5QR2Vad3FkZkhLeUpyVGdReG5mQUgwZUVPaVZPYlJHOVQ0ZG1rTmJreG9pdU1rMnhfSUpWd2UxaE9NelV2TnItNWpWQWpaam9ScjNXejQtNGhSS0lmWXMxN2dnOVliQVJXQW9ieW42dzBnZkctdjFXYnhTWk53QVIzX2NxdmRZcG5NTkhPWlRTcGJhYXhlX2QtUkhlVnI3dmJHM0F3ODc5X2JjM2ZrVUMyeEp4dEUySWg3YUI5amhMX09rY0xTMGROZ2V2a0hpblF2RUdIaC1GVjhTZU53bU80Qk5zQ21iNThNYVVkTmNqeVJNU3FwNjQzTk1seW5CM2llVDZSWUJSdmVveA?hl=zh-TW&gl=TW&ceid=TW%3Azh-Hant,2025-01-13T10:51:36Z
175,43,公視新聞,中壢今早5車連環撞 上班車潮回堵超過2小時 ｜ 公視新聞網 PNN,https://news.google.com/read/CBMiT0FVX3lxTE5XbnBfUTI1X2t2bzhMUXREWk0tMXlJUDRqc1pLY3pBNm5KSW1yUmZ6NE1NR0ZlbS1PYlJBaDRNbnV1WF85ekMzUHE2QlA1YmvSAVRBVV95cUxQWGhNejZhWFNFbXFhQXlFOW41emd0MTdSTWJPbGFyM1pTOVZsVURTWEFaUlJkaHRuRnJqVVFqSkpGMERzTWhpWVpuWFFROEpDUzR5aHk?hl=zh-TW&gl=TW&ceid=TW%3Azh-Hant,2025-01-13T05:21:00Z
176,44,聯合新聞網,呂秀蓮提醒賴總統：民主國家一定政黨輪替 無永遠執政,https://news.google.com/read/CBMiUEFVX3lxTE54Y1Y4ZFJFWGJ0NHNXVl9fbnRWT3d3ZU5BZi1SYzBnT0EwMVZKTmFReDBGdlJ0dXExODYxVVlSa21WODZJMjlfWjdmVE9IQTJC0gFWQVVfeXFMTkFlQmhwRFM4Z0Yzbm9MelA0R0tEQUVnTG5xbHBicGR3TFJoOC1ydWpYc2loTjdZcDNreExOU3dMbDFLXzlycjJZdDFZaUtCSEo0SGlNM0E?hl=zh-TW&gl=TW&ceid=TW%3Azh-Hant,2025-01-13T02:33:22Z
177,44,Yahoo奇摩新聞,民進黨走鐘了！ 呂秀蓮：真正法治跟民主不是無限權威,https://news.google.com/read/CBMi3gJBVV95cUxNVVNYMEpCR2hwbTRIUGw1NTZOTFBpV05iOG1wVkQ0UHl0Smg1UGk4THo1cDN6b3lpZDJGa2hjb1hPRXZzWW5vMGRaZWtzMFQ3Wmx6My1UOF9iM2hTeXE2emhEWm04TFd0SFNJS29uNXdXdU5lcTNxb1g2d1RGTWo2ZXZMNjF5WGNlTHBMVWNSWGdBU2RrMzlQTHoyakt5d3E0M042OGowWDRCb1VIal9jbjZrZDhYbnk5azQ5RlhjeW4tRWJrel8xMm13WEdNYm1MNWpON3NkYXBGVnZzY0RpYzJLT25PZUY5VURqOU54OFJjck1Fb0NETDdKWldHV2l2TjNuMExaMzJhempfUDc3VHZZZEZnenUzamZORjdtczBXanJfMTQwLVRBQWpON2plZXRJYlowaE51LWt6TE5tb0lXbDFoa0IxcUd5MWFybDc1eDIwcVN6aF9ZV3ltdw?hl=zh-TW&gl=TW&ceid=TW%3Azh-Hant,2025-01-13T06:23:45Z
178,44,TVBS,呂秀蓮談柯文哲案「痛心司法崩解」 嘆：都是媒體在辦案,https://news.google.com/read/CBMiU0FVX3lxTE5LNS1iZVRNbjJPV1VoUkdpRTlHNWNmb2dQY2xfUWVDMUhCeVppSnNSYXAyRVktb1Y0TUhDakxqRWFNcHFwUUpUU0R3aDZjOFBHeUxn?hl=zh-TW&gl=TW&ceid=TW%3Azh-Hant,2025-01-13T06:31:00Z
179,44,風傳媒,賴清德2028連任機會渺茫？呂秀蓮看民調這族群爆漲：沒有永遠的執政黨,https://news.google.com/read/CBMiTEFVX3lxTE14NHJid29VLUd0N3hnQ0l0MTU2S05JNVBBQ1FJYUlmRUQ5bEZjRkFIeVdXckU3ZEIwUUpsSUlHRUZGazJFQTNVRmtMV3U?hl=zh-TW&gl=TW&ceid=TW%3Azh-Hant,2025-01-13T02:01:00Z
180,45,三立新聞網 Setn.com,高虹安嗆「叫國中生來寫論文」！旅美教授挑「文法6錯誤」笑：應要重修,https://news.google.com/read/CBMiWEFVX3lxTFB3WklUWGg1WHUtZURFQl91TXBCY0JxRklHTGRZbVhIM0FjaERLbGRNd0ZfUTJLZGQ4R0ZiZFB5ODFrQ2lPXy1BQlVtcV80aFk0aUtBRkFvLTPSAV9BVV95cUxNU0wxc05tMUo1OUlTZ3pSSFJYc2hieS1wQW1rbGlHSXdVWE9FQS1saXZpeG5lekhCdDRTa0o1djNHNzFCZnpjWXF5Y0g3TGFSLWpfb0RMRE1PTmp2QVlSZw?hl=zh-TW&gl=TW&ceid=TW%3Azh-Hant,2025-01-13T06:08:00Z
181,45,Yahoo奇摩新聞,尾牙C位姐竟是高虹安！他不忍了親揭「停職內幕」,https://news.google.com/read/CBMiuwJBVV95cUxNVFlEcVNGWThFV29DZ0pDN1hCcG5MbnMxcm9CU0hxRzQ0ZDMzUXVKSHdJcHJVSGJFSWdGZ0p1MUp1QWs5VldnLXdDdVVtUWlUcVBJUjhxaGdrcHZ4MkJZb0lkSVpGVzRvVF9XcUlYS1ZqaG9Hb1Z0cEFRdEw1WlY3ZGtiQ3JUaDdKTzUzU0xyQzlaeTlocUNNUVlBbXRHLXAwaFBOb3NPcS00RVJ6MloxekkzTEVHX0kxSHdSY2RsbW5GT0I2YkMwTXRvLWlBVFNUSjh5U3I5NTI4NGVBVzZaTWszS2g5R3pWaGJ6OXdLeDJsU09pU1E3M2hjeklYZFhsTVRYbkJrUlFFOExJeUVjVnNaRHJsOEtBRi1yYU83ZlVXaWFZMTl1WDZENUV3aGNFMC11VkRVa1hjVzQ?hl=zh-TW&gl=TW&ceid=TW%3Azh-Hant,2025-01-13T05:19:03Z
182,45,聯合新聞網,檢察、高院干預審判 法官當如趙子龍,https://news.google.com/read/CBMiUEFVX3lxTE9fYlFJTlFKOTI2VGlmMkZyR2V2TzZlNDJnbTNPdTRUenY0RE1fbW43Vk10T2tGTXllcWJZRjJ6ZUh4UUQ4SE15Y2lIbFg5SHRO0gFWQVVfeXFMT01WcGlJazFuZ1Noa2t2anhJcWw2bU5XMTlsWDlHb3V5OTB5RmNLeXllejJwT3ZjYklvQWVoMkhSZ1JKOXExdVB5RVlqQWFOZ2V0dzYtR2c?hl=zh-TW&gl=TW&ceid=TW%3Azh-Hant,2025-01-09T18:38:17Z
183,45,自由評論網,自由開講》談法院聲請法規範憲法審查「合理確信」要件,https://news.google.com/read/CBMiYkFVX3lxTFBnSHJ1QjFaZW5meFJFZkVCUjYwU3JQSXhscWUxLVBwSDU1ejRGOHZLeEt6cDU3YTl3RTFEVWlRaVRLUU5GQlZkNEdNVDJHZzR1TktDZG53YlFaWGZuSVZOcnNR0gFnQVVfeXFMTjBkYlM4d3VhdG5hTE9DS25qZTROUHdGczVzZkdNdElmbWNTNUl0REQ5V2l3SFRiU3JSZ2JianJUVm95M3hCekFma1g1M04yV00zUWFWZmR3SDBtVnRHTUJLWVROUG1Gcw?hl=zh-TW&gl=TW&ceid=TW%3Azh-Hant,2025-01-12T09:00:00Z
184,46,ETtoday新聞雲,大坑情人橋「11hrs」2事故！姊弟天人永隔 22歲人妻BMW撞80萬重機,https://news.google.com/read/CBMiXkFVX3lxTE4zZk5HaHM3SnJRQ0cwdXRtcDFJMTZRdllXTjhOLW9DRVdvUXoycjVISWtadkNnVDRwamtuQ1lWbHlIbmRSSnVLem1maTc0TGk0OTBmLVFPRmVjOVduc0HSAWhBVV95cUxNaG5xdEwwUmZJQkdOQ3FOSjNReHJaenpuQWRISjhSNlBsNHgwYWJwVzlGTmpTMm9XRGx1ME42UE50aU9WQU9DWU5zcUZpZHlzY1Zkbl8wbzJ1RDJsMWY2WkZ3REYzYzRuMQ?hl=zh-TW&gl=TW&ceid=TW%3Azh-Hant,2025-01-13T09:39:00Z
185,46,聯合新聞網,台中北屯重機撞BMW起火燃燒 騎士摔地受傷送醫,https://news.google.com/read/CBMiUEFVX3lxTE82Q29SdE9NV2IweU1EeEk5eUFoam1mcERzODZ5RXFJSmZNbVRjSWc3R3VaWTRNT3pxQnpuWWR6cVh4U0YyenQ3QU9vSVU0ZS020gFWQVVfeXFMUFRnS0p1QmxQZFpFNjF1R1ZDTVM3djdVT0UzZkNGOG5FOXJvXzNtTlJGVmJ2X2Y5b1djV3ZmM1p4QWF4cWxsUG9kWUhpU3dYcGVpZS15WkE?hl=zh-TW&gl=TW&ceid=TW%3Azh-Hant,2025-01-13T09:12:52Z
186,46,MSN,大坑情人橋「11hrs」2事故！姊弟天人永隔 22歲人妻BMW撞80 萬重機,https://news.google.com/read/CBMi5AJBVV95cUxNcFZPZ3JQUkRmSUFvQlJKT053Z3N4NFVxVXlJQWRqeVhxZW5XcVo4NnBHNW02M1BKR2Q4Wmd4elVjeWROVnI2MTRCRllJX0JiNHhxNDFJczdpd3pEMHBtYmVienptX2tZSVMyT2JsdG5iM2ZtSFNoclV2UW8tN0x6SnBBMFFSUGhTRmdnejJKR25HSFRsMXdhcy1UWWI1dUtlUjJpRGc4bmhyQnRTOHlod1N5ZXQwby11dV8yZHVTeEszR002TG41V3ltZXpna0ZSa2ZRbFNhbzF5dmlObXVfSG9FQ01hMTBYaWg5SFJrNi1sYldYN29veDFaN3hDN2RqUDE5U2djeVgwYTFGVjJSVGIxTWJIY2lSSHJtTjRxRGcxck1PSGMyNV9WSFZidmtLaHBrRklMR085QTE0NTR6eGRCMGFsNkVUTU1fQ09wUFRXTk1RTHlGQklmUUNfb1dKYlJNcg?hl=zh-TW&gl=TW&ceid=TW%3Azh-Hant,2025-01-13T09:56:09Z
187,46,ETtoday新聞雲,22歲嫩妻開老公BMW對撞騎士 80萬重機起火...現場慘況畫面曝,https://news.google.com/read/CBMiXkFVX3lxTE1nbWllSjNIc2JReTRpZzNmVHBZUmFYcVRudFQ4QzBJbndTclpDOFVlVkFSMGI4dVM4QWdheVJDRHlfS1pvbTY1bW1fMVJsMVMtdDNoRWRMNS1sckRQSmfSAWhBVV95cUxQMVlfb2pXZGw2SFlyTE8zSFFyNGk2Z1BVaU9RVE9OSFh2cDVuWDdSTlFoQVRCaWFGbHlKcmhxemFCY0xneGRqM21iQ0NzSVd4Zms1bG81RmRrTTl5UG9QTExzYm83LXhHbA?hl=zh-TW&gl=TW&ceid=TW%3Azh-Hant,2025-01-13T06:44:00Z
